trace_name,number_of_requests,wsr,slab_size,slab_cnt,rebalance_strategy,allocator,tag,throughput,rebalanced_slabs,miss_ratio,n_rebalanced_slabs,monitor_interval,n_alloc_failures,uuid,miss_ratio_reduction_from_disabled,miss_ratio_reduction_from_lru_disabled,tuned_improvement
meta_reag,40668525,0.01,4,6212,disabled,LRU,,141166.1519441242,,0.4152312690389879,0,50000,9,meta_reag-ae22d9ecee1e9d8f8746497b7c9d6d04,0.0,0.0,
meta_reag,40668525,0.01,4,6212,marginal-hits,LRU,,149249.38760983644,808.0,0.3888157037032228,808,50000,1,meta_reag-410265f4ffec2791e2a1e61f6e18ddf8,0.026415565335765057,0.026415565335765057,
meta_reag,40668525,0.01,4,6212,hits,LRU,,150215.3077250183,445.0,0.4010725789346365,445,50000,1,meta_reag-7d4decd4128490237b2979b86151e670,0.01415869010435139,0.01415869010435139,
meta_reag,40668525,0.01,4,6212,marginal-hits-tuned,LRU,,154332.4442040448,796.0,0.3865449056643858,796,50000,1,meta_reag-18b85541e85b9c00f3eca6a941d30c27,0.028686363374602064,0.028686363374602064,0.0022707980388370075
meta_reag,40668525,0.01,4,6212,tail-age,LRU,,159911.14768977845,701.0,0.4153767624011514,701,50000,1,meta_reag-0ec4c76c84d8abad60fb5baccf346082,-0.00014549336216351794,-0.00014549336216351794,
meta_reag,40668525,0.01,4,6212,free-mem,LRU,,139682.10655736687,1.0,0.4152315395184511,1,50000,1,meta_reag-ff6af78aa416482421fa7f69419a29ce,-2.704794632157892e-07,-2.704794632157892e-07,
meta_reag,40668525,0.01,4,6212,marginal-hits,LRU2Q,cold,128952.40881705593,808.0,0.3818406284841136,808,50000,1,meta_reag-0badaa2a5be9a42251b0cc0129614d2b,0.023391629526147983,0.033390640554874285,
meta_reag,40668525,0.01,4,6212,marginal-hits-tuned,LRU2Q,cold,139015.25708261965,768.0,0.3786709534219119,768,50000,1,meta_reag-c8d9d22de5cd957462dfd628aebc0add,0.026561304588349655,0.036560315617075956,0.003169675062201671
meta_reag,40668525,0.01,4,6212,hits,LRU2Q,,151919.19273593498,448.0,0.3914866392243121,448,50000,1,meta_reag-820cd55bff3a98e052e13d185e4cfeac,0.013745618785949487,0.02374462981467579,
meta_reag,40668525,0.01,4,6212,free-mem,LRU2Q,,137112.69908705607,1.0,0.4052327006130196,1,50000,1,meta_reag-ab5f7909d86fff1e652d828f3a3a5404,-4.4260275799956617e-07,0.009998568425968302,
meta_reag,40668525,0.01,4,6212,tail-age,LRU2Q,,138268.10519980197,737.0,0.4035515232149326,737,50000,1,meta_reag-6d61e0f0764bfbbb9691fa7565ecbb63,0.0016807347953289864,0.011679745824055288,
meta_reag,40668525,0.01,4,6212,disabled,LRU2Q,,160293.0826580992,,0.4052322580102616,0,50000,9,meta_reag-9b66a0fb78bc4a1af1b5577f57d28731,0.0,0.009999011028726301,
meta_reag,40668525,0.01,4,6212,disabled,TINYLFU,,125677.31840371886,,0.4146660899060949,0,50000,9,meta_reag-b476a2ab09c96865f82d4557c2f6481e,0.0,0.0005651791328930011,
meta_reag,40668525,0.01,4,6212,tail-age,TINYLFU,,140921.86624673565,806.0,0.416284368534465,806,50000,1,meta_reag-5286cf230e7a00961dd1484d69673c6f,-0.0016182786283701067,-0.0010530994954771056,
meta_reag,40668525,0.01,4,6212,marginal-hits,TINYLFU,,137971.02971015932,808.0,0.3897150233293455,808,50000,1,meta_reag-7604949980bed69a60a8ada0c9385c59,0.024951066576749392,0.025516245709642393,
meta_reag,40668525,0.01,4,6212,marginal-hits-tuned,TINYLFU,,131597.9411520795,804.0,0.3881760689508214,804,50000,1,meta_reag-f48070ef3b6f07ce5d17ba6cb6964c88,0.026490020955273474,0.027055200088166476,0.0015389543785240822
meta_reag,40668525,0.01,4,6212,free-mem,TINYLFU,,126610.99161315212,1.0,0.4146696061391166,1,50000,1,meta_reag-b214729be1d74a3b18bc87282eee37ef,-3.5162330216942372e-06,0.0005616628998713069,
meta_reag,40668525,0.01,4,6212,hits,TINYLFU,,152585.9307751712,447.0,0.4009334049562952,447,50000,1,meta_reag-abb234843643fd47fc43947dfa4f0349,0.013732684949799678,0.01429786408269268,
meta_rnha,83429266,0.01,4,11416,marginal-hits-tuned,LRU,,117362.85448707153,1601.0,0.6489287941065655,1601,50000,1,meta_rnha-01656b4fe5351bc539f19a36f1cbd56d,0.044081076796498975,0.044081076796498975,0.005269902595068432
meta_rnha,83429266,0.01,4,11416,disabled,LRU,,107319.04895366824,,0.6930098709030644,0,50000,83,meta_rnha-317cbca0dc697e2dbff4cbf1793674cb,0.0,0.0,
meta_rnha,83429266,0.01,4,11416,marginal-hits,LRU,,109986.00735006384,1661.0,0.6541986967016339,1661,50000,1,meta_rnha-af76f13c20f32249db369efb9649c9bf,0.03881117420143054,0.03881117420143054,
meta_rnha,83429266,0.01,4,11416,hits,LRU,,111328.29670713916,420.0,0.6719617722543003,420,50000,1,meta_rnha-0b50f3df247916c282bc187953f2d264,0.021048098648764113,0.021048098648764113,
meta_rnha,83429266,0.01,4,11416,free-mem,LRU,,113041.89582828098,1.0,0.6930094993307263,1,50000,1,meta_rnha-1e88b79bdf754d7720a52d3558610d23,3.7157233812035173e-07,3.7157233812035173e-07,
meta_rnha,83429266,0.01,4,11416,tail-age,LRU,,112932.38373157008,1432.0,0.6910192859707733,1432,50000,1,meta_rnha-c8f18e18fd8f68f80d17cf9b56b107ef,0.001990584932291095,0.001990584932291095,
meta_rnha,83429266,0.01,4,11416,marginal-hits,LRU2Q,cold,111990.17880206049,1661.0,0.6395671249384178,1661,50000,1,meta_rnha-a2bf613ceb8c84157e6b9ea1099dff7b,0.03712508680708926,0.0534427459646466,
meta_rnha,83429266,0.01,4,11416,free-mem,LRU2Q,,124206.47462410752,1.0,0.6766920199662358,1,50000,1,meta_rnha-0c0a05209276fddc097ddb8162affc57,1.9177927124136573e-07,0.016317850936828582,
meta_rnha,83429266,0.01,4,11416,marginal-hits-tuned,LRU2Q,cold,116700.43842919136,1545.0,0.6339420231605593,1545,50000,1,meta_rnha-c4af86a227418ee221974b4d68201792,0.042750188584947835,0.059067847742505175,0.005625101777858577
meta_rnha,83429266,0.01,4,11416,hits,LRU2Q,,112256.5174358724,433.0,0.6552327585460859,433,50000,1,meta_rnha-1ed780c7f8ca6eb63a8bf10fb828fc45,0.02145945319942122,0.03777711235697856,
meta_rnha,83429266,0.01,4,11416,disabled,LRU2Q,,121021.26709909708,,0.6766922117455071,0,50000,83,meta_rnha-ccaaca382390b3325597188df5eff482,0.0,0.01631765915755734,
meta_rnha,83429266,0.01,4,11416,tail-age,LRU2Q,,112538.86399649494,1605.0,0.682301563650713,1605,50000,1,meta_rnha-2263b87363b538fd28bf2d113877e372,-0.00560935190520595,0.01070830725235139,
meta_rnha,83429266,0.01,4,11416,tail-age,TINYLFU,,100539.79774527132,1656.0,0.6875858736635352,1656,50000,1,meta_rnha-0adcbf0a9fa44309b550cd11dcc7d1bc,0.0004107192818211258,0.0054239972395292435,
meta_rnha,83429266,0.01,4,11416,disabled,TINYLFU,,106649.01761111533,,0.6879965929453563,0,50000,43,meta_rnha-42307408ce5af1ea778b03cf1e4ddbf7,0.0,0.005013277957708118,
meta_rnha,83429266,0.01,4,11416,hits,TINYLFU,,104938.86212947743,424.0,0.6669152086068235,424,50000,1,meta_rnha-309cdd79e0cf45bddf7f222fb35407f3,0.021081384338532794,0.02609466229624091,
meta_rnha,83429266,0.01,4,11416,marginal-hits-tuned,TINYLFU,,97375.3960793438,1645.0,0.6452612432815227,1645,50000,1,meta_rnha-01a70d711b7b5c7011b231112302fabd,0.04273534966383363,0.04774862762154175,0.004231477772195125
meta_rnha,83429266,0.01,4,11416,marginal-hits,TINYLFU,,101877.61577215602,1661.0,0.6494927210537178,1661,50000,1,meta_rnha-688164aca21f2383b6a2e07175039dc9,0.03850387189163851,0.043517149849346626,
meta_rnha,83429266,0.01,4,11416,free-mem,TINYLFU,,102995.8516657018,1.0,0.68799288920818,1,50000,1,meta_rnha-b89735cd56385935cd889ff6b2a886d6,3.703737176286026e-06,0.005016981694884404,
meta_rprn,79209939,0.01,4,13046,disabled,LRU,,115630.1733197582,,0.5786126801660272,0,50000,31,meta_rprn-9cbc5cdeaa2e42c9c773372bb39f4ff3,0.0,0.0,
meta_rprn,79209939,0.01,4,13046,free-mem,LRU,,116722.4977417726,1.0,0.5786129326596383,1,50000,1,meta_rprn-e0f26e56ec0e00d3fac4bd63cdd836be,-2.524936111303333e-07,-2.524936111303333e-07,
meta_rprn,79209939,0.01,4,13046,hits,LRU,,113040.774558302,494.0,0.5647826708584814,494,50000,1,meta_rprn-096d37c67b5dee81ccdb43d1e05bed94,0.013830009307545743,0.013830009307545743,
meta_rprn,79209939,0.01,4,13046,tail-age,LRU,,113320.1663085784,921.0,0.5784088925724902,921,50000,1,meta_rprn-1a8d388883f57c6dfbe76a8e82469d79,0.00020378759353700815,0.00020378759353700815,
meta_rprn,79209939,0.01,4,13046,marginal-hits,LRU,,89115.67055888739,1576.0,0.5460439332571013,1576,50000,1,meta_rprn-f153c1b6d29d6548cfa8e4952f6b6421,0.03256874690892586,0.03256874690892586,
meta_rprn,79209939,0.01,4,13046,marginal-hits-tuned,LRU,,120049.91233518852,1475.0,0.5414667038253098,1475,50000,1,meta_rprn-280b817420a658400009c6044dda1963,0.03714597634071737,0.03714597634071737,0.004577229431791507
meta_rprn,79209939,0.01,4,13046,disabled,LRU2Q,,119722.88424847608,,0.56199223771516,0,50000,31,meta_rprn-cb20316ffc99abc240b681ad040b1b0b,0.0,0.016620442450867134,
meta_rprn,79209939,0.01,4,13046,free-mem,LRU2Q,,123138.07610041586,1.0,0.5619925659568545,1,50000,1,meta_rprn-1bdf8f9275a21715dfd98566a9fd526d,-3.2824169449163776e-07,0.016620114209172643,
meta_rprn,79209939,0.01,4,13046,tail-age,LRU2Q,,115274.1874793301,1515.0,0.5645893238757643,1515,50000,1,meta_rprn-64b10644bb521bf5301f22e7df9e2d05,-0.0025970861606042783,0.014023356290262856,
meta_rprn,79209939,0.01,4,13046,hits,LRU2Q,,123172.6003402646,498.0,0.5478040535955564,498,50000,1,meta_rprn-1620782681801c5eae85adb2d821d9fc,0.014188184119603653,0.030808626570470787,
meta_rprn,79209939,0.01,4,13046,marginal-hits-tuned,LRU2Q,cold,120991.45417079376,1379.0,0.5262909540692028,1379,50000,1,meta_rprn-fd8163222775f7989b0141076fe91bf2,0.03570128364595726,0.052321726096824395,0.005172180127679726
meta_rprn,79209939,0.01,4,13046,marginal-hits,LRU2Q,cold,116620.09948828508,1576.0,0.5314631341968825,1576,50000,1,meta_rprn-b9ebfb121ed5b1e03a49726c52f746df,0.030529103518277534,0.04714954596914467,
meta_rprn,79209939,0.01,4,13046,marginal-hits,TINYLFU,,104695.15676993656,1576.0,0.5394751352182192,1576,50000,1,meta_rprn-187d9bff892c3196fc70e29892220c75,0.03275701877005943,0.03913754494780797,
meta_rprn,79209939,0.01,4,13046,hits,TINYLFU,,102573.06794943666,500.0,0.5575861989517097,500,50000,1,meta_rprn-eb4b5f890f0b35e4a72af11768ab7105,0.014645955036568958,0.021026481214317494,
meta_rprn,79209939,0.01,4,13046,tail-age,TINYLFU,,99124.74357378516,1571.0,0.5736537435176211,1571,50000,1,meta_rprn-1b0a9fc1c9eb64da24e767f3c4c54801,-0.0014215895293424596,0.004958936648406076,
meta_rprn,79209939,0.01,4,13046,disabled,TINYLFU,,96687.64457659768,,0.5722321539882786,0,50000,31,meta_rprn-778e0f6b2ef42b15b350a8f9c44339b9,0.0,0.006380526177748536,
meta_rprn,79209939,0.01,4,13046,marginal-hits-tuned,TINYLFU,,110105.92549579128,1536.0,0.5365046615054868,1536,50000,1,meta_rprn-671b39f3eea642fdfce2874a0bdc0550,0.035727492482791834,0.04210801866054037,0.002970473712732402
meta_rprn,79209939,0.01,4,13046,free-mem,TINYLFU,,111243.6217393479,1.0,0.5722295533040841,1,50000,1,meta_rprn-9b5bde4bca7c44b59007bf15c17b7fb3,2.6006841945536152e-06,0.006383126861943089,
wiki_2016u,2799835139,0.01,4,8883,disabled,LRU,,428364.780440046,,0.2611505553049691,0,50000,0,wiki_2016u-6b2bc9706f879a824282074fe199f5c4,0.0,0.0,
wiki_2016u,2799835139,0.01,4,8883,free-mem,LRU,,406483.04449343873,,0.2611505553049691,0,50000,0,wiki_2016u-585fda5958fd3e2dad30463e1c927adf,0.0,0.0,
wiki_2016u,2799835139,0.01,4,8883,hits,LRU,,419679.6104379136,4182.0,0.1693127027865177,4182,50000,0,wiki_2016u-04cf39ce781af92014a8d598822aee22,0.09183785251845142,0.09183785251845142,
wiki_2016u,2799835139,0.01,4,8883,tail-age,LRU,,400250.3985396964,21.0,0.2591449743413122,21,50000,0,wiki_2016u-237f51032dec10e87b88885a3d1f455c,0.002005580963656939,0.002005580963656939,
wiki_2016u,2799835139,0.01,4,8883,marginal-hits,LRU,,431300.7836453759,55963.0,0.1389477256969794,55963,50000,0,wiki_2016u-52fed4b4936e22a44e171efa6018afcc,0.1222028296079897,0.1222028296079897,
wiki_2016u,2799835139,0.01,4,8883,marginal-hits-tuned,LRU,,382113.2983921383,6585.0,0.1166615940048478,6585,50000,0,wiki_2016u-b06d93ec2f26c47b3ac092a6631d6ad4,0.14448896130012132,0.14448896130012132,0.022286131692131617
wiki_2016u,2799835139,0.01,4,8883,hits,LRU2Q,,415992.84899479774,4209.0,0.1564732356126239,4209,50000,0,wiki_2016u-86e0f6791ad0a8a7a2309e761074bdbf,0.08470662149646849,0.1046773196923452,
wiki_2016u,2799835139,0.01,4,8883,marginal-hits,LRU2Q,cold,423385.9026407722,55963.0,0.1454344959102129,55963,50000,0,wiki_2016u-30497bfd12549175c6fdde2ef0c93f97,0.0957453611988795,0.11571605939475621,
wiki_2016u,2799835139,0.01,4,8883,tail-age,LRU2Q,,365022.90829674073,4371.0,0.1705581625588808,4371,50000,0,wiki_2016u-93b7cf24c3c33a9bfe7c7ed679781252,0.07062169455021161,0.09059239274608832,
wiki_2016u,2799835139,0.01,4,8883,free-mem,LRU2Q,,430811.1288361903,,0.2411798571090924,0,50000,0,wiki_2016u-1f4557cef9ca0a677c39c379c19209f4,0.0,0.019970698195876713,
wiki_2016u,2799835139,0.01,4,8883,marginal-hits-tuned,LRU2Q,cold,430271.1820849226,6732.0,0.1114536994603751,6732,50000,0,wiki_2016u-08a9e0e253a13fea171fd56d509e7aaa,0.1297261576487173,0.14969685584459402,0.0339807964498378
wiki_2016u,2799835139,0.01,4,8883,disabled,LRU2Q,,434943.1761123736,,0.2411798571090924,0,50000,0,wiki_2016u-bbeb699b9b3ba0b0f956c09741fe44f6,0.0,0.019970698195876713,
wiki_2016u,2799835139,0.01,4,8883,marginal-hits-tuned,TINYLFU,,412398.14680481056,6207.0,0.1045537620590257,6207,50000,0,wiki_2016u-a22e9885f974f51460776580461f613f,0.12007577399082062,0.15659679324594342,0.012763130178489998
wiki_2016u,2799835139,0.01,4,8883,marginal-hits,TINYLFU,,468799.453354877,55963.0,0.1173168922375157,55963,50000,0,wiki_2016u-c85e8dc2c9ee84d46863c4ed355db4d6,0.10731264381233062,0.14383366306745343,
wiki_2016u,2799835139,0.01,4,8883,free-mem,TINYLFU,,410453.5184984098,,0.2246295360498463,0,50000,0,wiki_2016u-13f48526542d568c24490c3452b88b9e,0.0,0.0365210192551228,
wiki_2016u,2799835139,0.01,4,8883,disabled,TINYLFU,,437871.19579769386,,0.2246295360498463,0,50000,0,wiki_2016u-33033c10434e08dfce391aa0a0eb0fa8,0.0,0.0365210192551228,
wiki_2016u,2799835139,0.01,4,8883,hits,TINYLFU,,435661.41755002807,4243.0,0.1439078363640108,4243,50000,0,wiki_2016u-487b4488bf8b27eb44ec1f7a00612760,0.08072169968583551,0.11724271894095831,
wiki_2016u,2799835139,0.01,4,8883,tail-age,TINYLFU,,390338.9461426717,55894.0,0.2201789332443299,55894,50000,0,wiki_2016u-81b0dfff0391b66f05c58c99ad21a5a7,0.0044506028055164015,0.0409716220606392,
wiki_2019t,207645962,0.01,4,1028,tail-age,LRU,,182066.81081907236,3184.0,0.5809110894244117,3184,50000,11,wiki_2019t-891edb8775b965dafc11a1980a80f741,-0.0022164505178290383,-0.0022164505178290383,
wiki_2019t,207645962,0.01,4,1028,marginal-hits-tuned,LRU,,375563.8935996409,660.0,0.5680074192822493,660,50000,11,wiki_2019t-d13cf1144109300c42faf84273adde69,0.010687219624333388,0.010687219624333388,-0.0003528072460181608
wiki_2019t,207645962,0.01,4,1028,marginal-hits,LRU,,308489.8348105804,4148.0,0.5676546120362311,4148,50000,11,wiki_2019t-d9ecc320cbda7674eddfa4c6f8f47d8d,0.01104002687035155,0.01104002687035155,
wiki_2019t,207645962,0.01,4,1028,disabled,LRU,,371117.6026473284,,0.5786946389065827,0,50000,1497,wiki_2019t-fc62edbc528cfcc4a8d9057bbe33d878,0.0,0.0,
wiki_2019t,207645962,0.01,4,1028,free-mem,LRU,,170149.44568408208,10.0,0.5800904185172645,10,50000,11,wiki_2019t-4fa9c649d6f3abbddd3b3b4f97022b27,-0.0013957796106818243,-0.0013957796106818243,
wiki_2019t,207645962,0.01,4,1028,hits,LRU,,297519.7420601342,451.0,0.5696879913320925,451,50000,11,wiki_2019t-c329054a5f6ad048fb67ac9e9501a477,0.009006647574490212,0.009006647574490212,
wiki_2019t,207645962,0.01,4,1028,marginal-hits-tuned,LRU2Q,cold,344046.4748886,744.0,0.525742248722371,744,50000,11,wiki_2019t-69b65566d6bbe5fc2317c8cfabc6cab4,0.010620938537682756,0.05295239018421172,0.00047001154782877475
wiki_2019t,207645962,0.01,4,1028,tail-age,LRU2Q,,357522.9276444961,1857.0,0.5760169754709702,1857,50000,11,wiki_2019t-7619bf773835a2c9bdfe938c8cd82ed8,-0.039653788210916474,0.0026776634356124873,
wiki_2019t,207645962,0.01,4,1028,disabled,LRU2Q,,438629.76635412354,,0.5363631872600537,0,50000,1497,wiki_2019t-ac3f4d38ff77c047a96c5a81ca1c8b30,0.0,0.04233145164652896,
wiki_2019t,207645962,0.01,4,1028,hits,LRU2Q,,390217.7258078595,463.0,0.5265726429103399,463,50000,11,wiki_2019t-9ac5ed4971ab88fa1a4a19a2be03590e,0.009790544349713826,0.05212199599624279,
wiki_2019t,207645962,0.01,4,1028,free-mem,LRU2Q,,183096.946726408,10.0,0.5376322367395712,10,50000,11,wiki_2019t-653d34304587d4f8cd2289234034e344,-0.0012690494795174478,0.041062402167011514,
wiki_2019t,207645962,0.01,4,1028,marginal-hits,LRU2Q,cold,336416.8220538217,4148.0,0.5262122602701997,4148,50000,11,wiki_2019t-eb2e89a3d1ae41620328d49b04f4593c,0.010150926989853981,0.05248237863638294,
wiki_2019t,207645962,0.01,4,1028,marginal-hits-tuned,TINYLFU,,161162.3644741615,641.0,0.5080300622460455,641,50000,11,wiki_2019t-2ec6d10da502f2e565e1dff6199db1d8,0.011173046553151877,0.07066457666053716,-0.006548357535601901
wiki_2019t,207645962,0.01,4,1028,free-mem,TINYLFU,,331615.1707880616,10.0,0.5200803278803948,10,50000,11,wiki_2019t-e7cfe4d121b8b0d5c62c39dfafb4c930,-0.0008772190811974223,0.05861431102618786,
wiki_2019t,207645962,0.01,4,1028,hits,TINYLFU,,159969.98619725872,459.0,0.5070905062916659,459,50000,11,wiki_2019t-38349c2ba4bfbb2da74d171d8dd4c3ac,0.012112602507531545,0.07160413261491683,
wiki_2019t,207645962,0.01,4,1028,marginal-hits,TINYLFU,,384429.37757926097,4148.0,0.5014817047104436,4148,50000,11,wiki_2019t-997d7b83a8550dc0054aa708dd1c4778,0.017721404088753778,0.07721293419613906,
wiki_2019t,207645962,0.01,4,1028,disabled,TINYLFU,,339186.0758913912,,0.5192031087991974,0,50000,1497,wiki_2019t-5fee92d2d5905d88a75f8513d027b667,0.0,0.05949153010738528,
wiki_2019t,207645962,0.01,4,1028,tail-age,TINYLFU,,349045.77446417214,4147.0,0.522300260286304,4147,50000,11,wiki_2019t-a623b22ae907b55aed0e2a384ec5f0e8,-0.003097151487106653,0.05639437862027863,
wiki_2019u,2652082865,0.01,4,12424,marginal-hits,LRU,,293611.59317613643,53002.0,0.2147468636206288,53002,50000,1,wiki_2019u-c881e0099fc676c0109e1525ef19c3fc,0.1399657426003529,0.1399657426003529,
wiki_2019u,2652082865,0.01,4,12424,free-mem,LRU,,323412.4180188549,1.0,0.3547126665509234,1,50000,1,wiki_2019u-ddc9e488fd31bd522c468311f80e7b90,-6.032994165350303e-08,-6.032994165350303e-08,
wiki_2019u,2652082865,0.01,4,12424,disabled,LRU,,323373.541240092,,0.3547126062209817,0,50000,10,wiki_2019u-a130ce7ff40d76100021685b3b92fe47,0.0,0.0,
wiki_2019u,2652082865,0.01,4,12424,tail-age,LRU,,310473.218301792,278.0,0.3535451174031958,278,50000,1,wiki_2019u-f93e2f88572897ae92e8cdee886b14ec,0.0011674888177859444,0.0011674888177859444,
wiki_2019u,2652082865,0.01,4,12424,marginal-hits-tuned,LRU,,310939.97100421455,9457.0,0.1846756236386857,9457,50000,1,wiki_2019u-cbd3fc0faeab98de4018aa500402ba30,0.17003698258229602,0.17003698258229602,0.03007123998194311
wiki_2019u,2652082865,0.01,4,12424,hits,LRU,,337337.1912850272,3718.0,0.2603266711218795,3718,50000,1,wiki_2019u-bdc7ab778313d129757717db28f51f8a,0.0943859350991022,0.0943859350991022,
wiki_2019u,2652082865,0.01,4,12424,marginal-hits-tuned,LRU2Q,cold,343016.0135403651,9247.0,0.1750746703405419,9247,50000,1,wiki_2019u-37fb1a4aed87c56b3e28d410e09d841c,0.15231291446686432,0.17963793588043983,0.046310739057399714
wiki_2019u,2652082865,0.01,4,12424,disabled,LRU2Q,,346413.19053504005,,0.3273875848074062,0,50000,10,wiki_2019u-6328985f738615842fec5f0642debfc2,0.0,0.027325021413575512,
wiki_2019u,2652082865,0.01,4,12424,hits,LRU2Q,,352278.2489858239,3752.0,0.2401177514673732,3752,50000,1,wiki_2019u-f5fdba9884538cf423194de1510acd1d,0.08726983334003299,0.1145948547536085,
wiki_2019u,2652082865,0.01,4,12424,marginal-hits,LRU2Q,cold,305664.88456288085,53002.0,0.2213854093979416,53002,50000,1,wiki_2019u-2f5b0927fed9c2b1f88607690d6ed5d8,0.1060021754094646,0.13332719682304012,
wiki_2019u,2652082865,0.01,4,12424,free-mem,LRU2Q,,364789.2733701315,1.0,0.3273875919715868,1,50000,1,wiki_2019u-3839458ea477113d5efd4f21e2d8edaf,-7.16418058210877e-09,0.02732501424939493,
wiki_2019u,2652082865,0.01,4,12424,tail-age,LRU2Q,,344361.0948492339,5066.0,0.2380031089595069,5066,50000,1,wiki_2019u-e2a715083e39643e11477c82f6c4d7ac,0.0893844758478993,0.11670949726147481,
wiki_2019u,2652082865,0.01,4,12424,hits,TINYLFU,,314112.41411337466,3805.0,0.2197364242990832,3805,50000,1,wiki_2019u-bfe958da6081d3dc038340cb565aa7b4,0.08094209233978783,0.13497618192189853,
wiki_2019u,2652082865,0.01,4,12424,tail-age,TINYLFU,,295593.6188687699,52936.0,0.3016408425551605,52936,50000,1,wiki_2019u-b6f13770abee2198f6dfe6f5d1f9ce3d,-0.0009623259162894748,0.053071763665821226,
wiki_2019u,2652082865,0.01,4,12424,free-mem,TINYLFU,,312853.2807154418,1.0,0.300678441603506,1,50000,1,wiki_2019u-a7a7e14ba7bc3fa2fa9144ca38049250,7.50353650325053e-08,0.05403416461747573,
wiki_2019u,2652082865,0.01,4,12424,marginal-hits,TINYLFU,,318622.6909412364,53002.0,0.1793350448834725,53002,50000,1,wiki_2019u-1ae74797e2929a9c86f2ecfa77e7b893,0.12134347175539853,0.17537756133750923,
wiki_2019u,2652082865,0.01,4,12424,disabled,TINYLFU,,341994.89610449097,,0.300678516638871,0,50000,10,wiki_2019u-0aca464b9670f572bf8d25a741daab91,0.0,0.0540340895821107,
wiki_2019u,2652082865,0.01,4,12424,marginal-hits-tuned,TINYLFU,,305039.7271610414,8451.0,0.1629212725907856,8451,50000,1,wiki_2019u-0edd70f072a6979c3e23c7816dde267f,0.13775724404808543,0.19179133363019613,0.016413772292686896
