1024,2048,256,512,4096,total_slab_cnt,total_miss_ratio
0,0,0,0,1,1,0.8983124625
0,0,0,1,1,2,0.836997575
0,1,0,1,1,3,0.7801537
0,1,0,1,2,4,0.766645025
0,2,0,1,2,5,0.7535457375
0,2,0,2,2,6,0.740866675
0,3,0,2,2,7,0.7322002375
0,3,0,3,2,8,0.723833525
0,3,0,3,3,9,0.7157784125
0,4,0,3,3,10,0.70915105
0,4,0,4,3,11,0.702742325
0,4,0,4,4,12,0.69696785
0,5,0,4,4,13,0.6915154125
0,5,0,5,4,14,0.686241875
0,6,0,5,4,15,0.681559925
0,6,0,5,5,16,0.6770284875
0,6,0,6,5,17,0.6725016
0,7,0,6,5,18,0.6683983625
0,7,0,7,5,19,0.664432425
0,7,0,7,6,20,0.660699575
0,8,0,7,6,21,0.6570120375
0,8,0,8,6,22,0.65346565
0,9,0,8,6,23,0.650114275
0,9,0,9,6,24,0.6468852875
0,9,0,9,7,25,0.64369095
0,10,0,9,7,26,0.6406045625
0,10,0,10,7,27,0.6376273
0,11,0,10,7,28,0.6347628
0,11,0,10,8,29,0.631984525
0,11,0,11,8,30,0.629238325
0,12,0,11,8,31,0.626566025
0,12,0,12,8,32,0.6240070625
0,13,0,12,8,33,0.62150435
0,13,0,12,9,34,0.6190359375
0,13,0,13,9,35,0.616632475
0,14,0,13,9,36,0.6142650625
0,14,1,13,9,37,0.611961525
1,14,1,13,9,38,0.6096626
2,14,1,13,9,39,0.6073722375
3,14,1,13,9,40,0.60508735
3,14,2,13,9,41,0.6028061375
3,14,3,13,9,42,0.600523025
3,14,3,14,9,43,0.598249725
3,14,4,14,9,44,0.59597945
4,14,4,14,9,45,0.5937179625
5,14,4,14,9,46,0.5914549875
6,14,4,14,9,47,0.5891953125
6,14,5,14,9,48,0.5869432125
7,14,5,14,9,49,0.5846913
7,14,6,14,9,50,0.5824458
7,14,7,14,9,51,0.58020155
8,14,7,14,9,52,0.5779580125
8,15,7,14,9,53,0.5757181625
9,15,7,14,9,54,0.5734821
10,15,7,14,9,55,0.571248725
10,15,8,14,9,56,0.5690203
10,15,9,14,9,57,0.5667967125
10,15,9,14,10,58,0.5645736875
11,15,9,14,10,59,0.5623606
12,15,9,14,10,60,0.5601479625
13,15,9,14,10,61,0.5579372
13,15,10,14,10,62,0.5557276875
13,15,11,14,10,63,0.5535238625
15,15,10,14,10,64,0.551320625
15,15,11,14,10,65,0.5491168
16,15,11,14,10,66,0.546923325
16,15,12,14,10,67,0.54473075
17,15,12,14,10,68,0.5425402875
17,15,13,14,10,69,0.540352275
18,15,13,14,10,70,0.538179325
17,15,15,14,10,71,0.536006
20,15,13,14,10,72,0.5338320375
20,15,14,14,10,73,0.5316603875
20,15,15,14,10,74,0.5294857625
20,15,16,14,10,75,0.5273146875
21,15,16,14,10,76,0.525151075
22,15,16,14,10,77,0.5229878625
23,15,16,14,10,78,0.520830675
23,15,16,15,10,79,0.5186778375
23,15,17,15,10,80,0.5165282875
24,15,17,15,10,81,0.5143795875
24,15,18,15,10,82,0.51223115
25,15,18,15,10,83,0.510085775
25,15,19,15,10,84,0.50794615
25,16,19,15,10,85,0.505807325
25,16,20,15,10,86,0.503668875
26,16,20,15,10,87,0.5015306375
26,16,21,15,10,88,0.4994025625
27,16,21,15,10,89,0.4972796375
27,16,22,15,10,90,0.4951583625
28,16,22,15,10,91,0.4930379625
29,16,22,15,10,92,0.490917325
30,16,22,15,10,93,0.4888050875
30,16,23,15,10,94,0.4866967125
30,16,24,15,10,95,0.48459105
31,16,24,15,10,96,0.482487925
32,16,24,15,10,97,0.4803849
33,16,24,15,10,98,0.4782830625
33,16,25,15,10,99,0.4761882
34,16,25,15,10,100,0.47409485
35,16,25,15,10,101,0.472007975
36,16,25,15,10,102,0.46992335
36,16,26,15,10,103,0.4678395875
36,16,27,15,10,104,0.4657592
36,16,28,15,10,105,0.463687925
38,16,27,15,10,106,0.4616146125
38,16,28,15,10,107,0.4595433375
40,16,27,15,10,108,0.4574718
40,16,28,15,10,109,0.455400525
40,16,29,15,10,110,0.453332525
41,16,29,15,10,111,0.4512725875
42,16,29,15,10,112,0.44922055
41,16,31,15,10,113,0.44717055
42,16,31,15,10,114,0.4451185125
43,16,31,15,10,115,0.443078025
44,16,31,15,10,116,0.4410406875
45,16,31,15,10,117,0.4390027875
45,16,32,15,10,118,0.436968475
45,16,33,15,10,119,0.4349355125
45,17,33,15,10,120,0.432904425
45,17,33,16,10,121,0.430878225
46,17,33,16,10,122,0.428853125
46,17,34,16,10,123,0.4268307375
48,17,33,16,10,124,0.4248060625
48,17,34,16,10,125,0.422783675
48,17,35,16,10,126,0.42076505
48,17,35,16,11,127,0.4187466125
48,17,36,16,11,128,0.4167306625
49,17,36,16,11,129,0.4147179125
50,17,36,16,11,130,0.4127023
50,17,37,16,11,131,0.4106941
51,17,37,16,11,132,0.408686725
51,17,38,16,11,133,0.4066904375
52,17,38,16,11,134,0.4046956
53,17,38,16,11,135,0.402704375
54,17,38,16,11,136,0.4007156
55,17,38,16,11,137,0.3987309125
56,17,38,16,11,138,0.396745
56,17,39,16,11,139,0.3947649625
56,17,40,16,11,140,0.392782575
56,17,41,16,11,141,0.39081025
58,17,40,16,11,142,0.3888374625
58,17,41,16,11,143,0.3868651375
59,17,41,16,11,144,0.38489525
59,17,42,16,11,145,0.382935075
60,17,42,16,11,146,0.38097765
60,17,43,16,11,147,0.379022925
60,17,44,16,11,148,0.3770723375
60,17,45,16,11,149,0.375122575
61,17,45,16,11,150,0.3731747375
62,17,45,16,11,151,0.3712279875
62,18,45,16,11,152,0.36928135
62,18,45,17,11,153,0.36733985
63,18,45,17,11,154,0.365402475
64,18,45,17,11,155,0.3634655375
64,18,46,17,11,156,0.36153155
64,18,47,17,11,157,0.35960585
65,18,47,17,11,158,0.35768575
66,18,47,17,11,159,0.3557623625
67,18,47,17,11,160,0.3538498
68,18,47,17,11,161,0.3519335875
68,18,48,17,11,162,0.3500225125
68,18,49,17,11,163,0.348120025
68,18,50,17,11,164,0.3462142375
69,18,50,17,11,165,0.3443171875
70,18,50,17,11,166,0.34241715
70,18,51,17,11,167,0.3405245
71,18,51,17,11,168,0.338638325
72,18,51,17,11,169,0.3367494625
72,18,52,17,11,170,0.3348642625
73,18,52,17,11,171,0.3329907875
74,18,52,17,11,172,0.3311168875
75,18,52,17,11,173,0.329240375
75,18,53,17,11,174,0.3273688125
75,19,53,17,11,175,0.3255050125
75,19,54,17,11,176,0.32364225
76,19,54,17,11,177,0.321780975
76,19,54,18,11,178,0.3199202625
76,19,54,18,12,179,0.3180674375
77,19,54,18,12,180,0.3162152875
77,19,55,18,12,181,0.3143661125
77,19,56,18,12,182,0.312514825
78,19,56,18,12,183,0.3106778625
78,19,57,18,12,184,0.3088417875
79,19,57,18,12,185,0.3070094625
79,19,58,18,12,186,0.305180925
80,19,58,18,12,187,0.30336045
81,19,58,18,12,188,0.3015392875
81,19,59,18,12,189,0.2997190125
81,19,60,18,12,190,0.2979070625
82,19,60,18,12,191,0.2961021875
82,20,60,18,12,192,0.294302475
82,20,61,18,12,193,0.2925073
83,20,61,18,12,194,0.2907168875
83,20,62,18,12,195,0.2889336375
85,20,61,18,12,196,0.2871472375
85,20,62,18,12,197,0.2853639875
85,20,63,18,12,198,0.2835780625
85,20,64,18,12,199,0.2818056125
85,20,64,19,12,200,0.280034375
85,20,65,19,12,201,0.278267175
87,20,64,19,12,202,0.276501575
87,20,65,19,12,203,0.274734375
88,20,65,19,12,204,0.2729784
88,20,66,19,12,205,0.2712308875
89,20,66,19,12,206,0.26948715
89,20,67,19,12,207,0.2677478625
89,21,67,19,12,208,0.26601715
89,21,68,19,12,209,0.264288325
89,21,68,19,13,210,0.2625630625
90,21,68,19,13,211,0.260840375
90,21,69,19,13,212,0.259125725
90,21,69,20,13,213,0.2574144
91,21,69,20,13,214,0.2557043125
92,21,69,20,13,215,0.2539966125
92,21,70,20,13,216,0.2522964375
92,21,71,20,13,217,0.250607175
92,21,72,20,13,218,0.2489291375
93,21,72,20,13,219,0.2472617
93,22,72,20,13,220,0.2455948
93,22,73,20,13,221,0.2439299625
93,22,74,20,13,222,0.2422682875
94,22,74,20,13,223,0.2406151
94,22,74,21,13,224,0.2389686375
94,22,75,21,13,225,0.237331375
95,22,75,21,13,226,0.235695775
95,22,76,21,13,227,0.2340773375
95,22,77,21,13,228,0.2324620875
95,23,77,21,13,229,0.2308541875
95,23,78,21,13,230,0.229251125
95,23,78,21,14,231,0.227652325
96,23,78,21,14,232,0.2260579
96,23,78,22,14,233,0.2244675625
96,23,79,22,14,234,0.2228787
96,23,80,22,14,235,0.22131325
96,24,80,22,14,236,0.2197540125
96,24,81,22,14,237,0.2182062375
97,24,81,22,14,238,0.216666975
97,24,82,22,14,239,0.21513275
97,24,82,23,14,240,0.2136091
97,24,83,23,14,241,0.2120909
97,25,83,23,14,242,0.2105728125
97,25,84,23,14,243,0.2090730875
97,25,84,23,15,244,0.2075801
97,25,84,24,15,245,0.2060949625
97,25,85,24,15,246,0.2046186625
97,26,85,24,15,247,0.203160525
97,26,86,24,15,248,0.2017121375
97,26,86,25,15,249,0.2002833
97,26,87,25,15,250,0.19885545
97,27,87,25,15,251,0.1974301875
97,27,88,25,15,252,0.196016725
97,27,88,25,16,253,0.1946125875
97,28,88,25,16,254,0.1932250625
97,28,88,26,16,255,0.191842125
97,28,89,26,16,256,0.190461575
97,28,90,26,16,257,0.1891078375
97,29,90,26,16,258,0.1877601375
97,29,90,27,16,259,0.186417975
97,29,90,27,17,260,0.1850965875
97,29,91,27,17,261,0.183777175
97,30,91,27,17,262,0.1824688375
97,30,91,28,17,263,0.181162825
97,31,91,28,17,264,0.1798763875
97,31,92,28,17,265,0.1785983375
97,31,92,29,17,266,0.1773372
97,31,92,29,18,267,0.1760819
97,32,92,29,18,268,0.1748369375
97,32,93,29,18,269,0.173600875
97,32,93,30,18,270,0.1723670125
97,33,93,30,18,271,0.17114815
97,33,93,31,18,272,0.1699432
97,34,93,31,18,273,0.168747825
97,34,93,31,19,274,0.1675556625
97,34,94,31,19,275,0.1663736375
97,34,94,32,19,276,0.165201975
97,35,94,32,19,277,0.164036175
97,36,94,32,19,278,0.1628885125
97,36,94,33,19,279,0.16174315
97,36,94,33,20,280,0.1606154125
97,37,94,33,20,281,0.1594955
97,37,95,33,20,282,0.1583805375
97,37,95,34,20,283,0.157265975
97,38,95,34,20,284,0.156173575
97,38,95,35,20,285,0.155086775
97,38,95,35,21,286,0.1540107875
97,39,95,35,21,287,0.15293855
97,39,95,36,21,288,0.151880825
97,40,95,36,21,289,0.150832725
97,40,95,37,21,290,0.1497941625
97,40,95,37,22,291,0.148758675
97,41,95,37,22,292,0.14772615
97,41,96,37,22,293,0.14670205
97,42,96,37,22,294,0.1456875375
97,42,96,38,22,295,0.1446736375
97,42,96,38,23,296,0.143677925
97,43,96,38,23,297,0.142684475
97,43,96,39,23,298,0.1416911625
97,43,96,40,23,299,0.1407199875
97,44,96,40,23,300,0.139749075
97,45,96,40,23,301,0.138791925
97,45,96,41,23,302,0.137839175
97,45,96,41,24,303,0.136889975
97,46,96,41,24,304,0.13594795
98,46,96,41,24,305,0.1350144625
98,46,96,42,24,306,0.13408575
98,47,96,42,24,307,0.133159825
98,47,96,42,25,308,0.1322443
98,48,96,42,25,309,0.1313332
98,48,96,43,25,310,0.1304256875
98,48,96,44,25,311,0.1295331375
98,49,96,44,25,312,0.1286427875
98,49,96,44,26,313,0.12775815
98,49,97,44,26,314,0.12687925
98,50,97,44,26,315,0.1260029625
98,50,97,45,26,316,0.1251278
98,51,97,45,26,317,0.1242658875
98,51,97,45,27,318,0.123407125
98,51,97,46,27,319,0.1225524125
98,52,97,46,27,320,0.1217015
98,52,97,47,27,321,0.1208574
98,53,97,47,27,322,0.1200173625
98,54,97,47,27,323,0.1191923625
98,54,97,48,27,324,0.1183684625
98,54,97,48,28,325,0.1175511125
98,55,97,48,28,326,0.116736575
98,55,97,49,28,327,0.1159271875
98,55,97,49,29,328,0.115123325
98,56,97,49,29,329,0.1143233375
98,57,97,49,29,330,0.11353115
98,57,97,50,29,331,0.1127422875
98,58,97,50,29,332,0.11196495
98,58,97,51,29,333,0.1111878
98,58,97,51,30,334,0.1104163375
98,58,97,52,30,335,0.1096487625
98,59,97,52,30,336,0.1088821875
98,60,97,52,30,337,0.1081333625
98,61,97,52,30,338,0.1073849375
98,61,97,52,31,339,0.106636975
98,61,97,53,31,340,0.105893175
98,61,97,54,31,341,0.1051578625
98,62,97,54,31,342,0.1044288625
98,62,97,54,32,343,0.1037038125
98,62,97,55,32,344,0.1029815875
98,63,97,55,32,345,0.1022615875
98,64,97,55,32,346,0.1015433375
98,64,97,55,33,347,0.1008341875
98,64,97,56,33,348,0.1001278
98,65,97,56,33,349,0.09942845
98,66,97,56,33,350,0.0987346375
98,66,97,57,33,351,0.0980409625
98,66,97,57,34,352,0.0973524625
98,67,97,57,34,353,0.096670125
98,67,97,58,34,354,0.0959888375
98,68,97,58,34,355,0.0953145875
98,68,97,58,35,356,0.094644175
98,69,97,58,35,357,0.093982
98,69,97,59,35,358,0.0933204125
98,69,97,60,35,359,0.0926673
98,70,97,60,35,360,0.0920185125
98,70,97,60,36,361,0.0913702125
98,70,97,61,36,362,0.0907272875
98,71,97,61,36,363,0.090086875
98,71,97,61,37,364,0.08945185
98,72,97,61,37,365,0.0888183125
98,72,97,62,37,366,0.08818975
98,73,97,62,37,367,0.0875655125
98,73,97,62,38,368,0.0869467
98,73,97,63,38,369,0.0863292875
98,74,97,63,38,370,0.085711975
98,75,97,63,38,371,0.0851042875
98,75,97,64,38,372,0.084497625
98,75,97,64,39,373,0.083898675
98,76,97,64,39,374,0.0833005125
98,76,97,65,39,375,0.0827054125
98,77,97,65,39,376,0.0821139625
98,77,97,65,40,377,0.0815284875
98,77,97,66,40,378,0.0809434875
98,78,97,66,40,379,0.080359675
98,78,97,67,40,380,0.0797830625
98,79,97,67,40,381,0.079206875
98,79,97,67,41,382,0.0786352125
98,79,97,68,41,383,0.0780676875
98,80,97,68,41,384,0.0775003625
98,80,97,68,42,385,0.0769429375
98,80,97,69,42,386,0.0763916375
98,81,97,69,42,387,0.0758418875
98,82,97,69,42,388,0.075291
98,82,97,69,43,389,0.0747491
98,82,97,70,43,390,0.0742086625
98,83,97,70,43,391,0.073671225
98,83,97,70,44,392,0.073138325
98,84,97,70,44,393,0.0726078625
98,84,97,71,44,394,0.0720847375
98,84,97,71,45,395,0.07156345
98,85,97,71,45,396,0.0710428875
98,85,97,72,45,397,0.0705263875
98,86,97,72,45,398,0.0700140125
98,86,97,72,46,399,0.0695038875
98,86,97,73,46,400,0.0689972125
98,86,97,73,47,401,0.0684945125
98,87,97,73,47,402,0.067997125
98,87,97,74,47,403,0.0675018625
98,88,97,74,47,404,0.067008875
98,88,97,74,48,405,0.0665184375
98,88,97,75,48,406,0.0660321875
98,89,97,75,48,407,0.0655476
98,89,97,75,49,408,0.0650650125
98,89,97,76,49,409,0.064591025
98,90,97,76,49,410,0.0641171875
98,90,97,76,50,411,0.063644075
98,90,97,77,50,412,0.063181575
98,90,97,77,51,413,0.0627219875
98,91,97,77,51,414,0.0622634125
98,91,97,77,52,415,0.061811125
98,91,97,77,53,416,0.0613599
98,91,97,78,53,417,0.0609090375
98,92,97,78,53,418,0.060458225
98,92,97,79,53,419,0.060016075
98,92,97,79,54,420,0.059577225
98,93,97,79,54,421,0.0591406125
98,93,97,79,55,422,0.0587122
98,93,97,80,55,423,0.0582838875
98,94,97,80,55,424,0.057857725
98,94,97,80,56,425,0.05743955
98,94,97,80,57,426,0.0570233125
98,94,97,81,57,427,0.0566101
98,94,97,81,58,428,0.0562011
98,95,97,81,58,429,0.0557955375
98,95,97,82,58,430,0.0553936
98,95,97,82,59,431,0.054996025
98,95,97,82,60,432,0.0546019625
98,95,97,83,60,433,0.0542084375
98,96,97,83,60,434,0.0538217125
98,96,97,83,61,435,0.0534375625
98,96,97,84,61,436,0.053058175
98,96,97,84,62,437,0.0526806875
98,96,97,84,63,438,0.052307975
98,96,97,84,64,439,0.05194135
98,96,97,85,64,440,0.0515771
98,96,98,85,64,441,0.051213975
98,96,98,85,65,442,0.0508544375
98,96,98,85,66,443,0.0504967875
98,97,98,85,66,444,0.050141075
98,97,98,86,66,445,0.049786225
98,97,98,86,67,446,0.0494363125
98,97,98,86,68,447,0.049096325
98,97,98,86,69,448,0.0487563375
98,97,98,87,69,449,0.048419325
98,97,98,87,70,450,0.04808595
98,97,98,87,71,451,0.047763425
98,97,98,88,71,452,0.0474429
98,97,98,88,72,453,0.04712305
98,97,98,88,73,454,0.0468077125
98,97,98,88,74,455,0.0464937125
98,97,98,88,75,456,0.0461870125
98,97,98,89,75,457,0.04588175
98,97,98,89,76,458,0.0455829
98,97,98,89,77,459,0.045289
98,97,98,89,78,460,0.044997425
98,97,98,90,78,461,0.044711325
98,97,98,90,79,462,0.0444272125
98,97,98,90,80,463,0.0441448375
98,97,98,90,81,464,0.0438657625
98,97,98,90,82,465,0.0435948625
98,97,98,91,82,466,0.0433241375
98,97,98,91,83,467,0.0430592625
98,97,98,91,84,468,0.0427988
98,97,98,91,85,469,0.0425444125
98,97,98,91,86,470,0.0422917625
98,97,98,91,87,471,0.0420452875
98,97,98,92,87,472,0.0417993
98,97,98,92,88,473,0.0415618625
98,97,98,92,89,474,0.041327575
98,97,98,92,90,475,0.0410959375
98,97,98,93,90,476,0.04087315
98,97,98,93,91,477,0.0406538
98,97,98,93,92,478,0.0404361
98,97,98,93,93,479,0.0402262375
98,97,98,93,94,480,0.040026825
98,97,98,94,94,481,0.039829325
98,98,98,94,94,482,0.0396361
98,98,98,94,95,483,0.0394433625
98,98,98,94,96,484,0.0392615
98,98,98,94,97,485,0.0390938125
98,98,98,95,97,486,0.038927325
98,98,98,96,97,487,0.0388073375
98,98,98,96,98,488,0.0387171375
98,98,98,97,98,489,0.0386708625
98,98,98,97,98,490,0.0386708625
98,98,98,97,98,491,0.0386708625
98,98,98,97,98,492,0.0386708625
98,98,98,97,98,493,0.0386708625
98,98,98,97,98,494,0.0386708625
98,98,98,97,98,495,0.0386708625
98,98,98,97,98,496,0.0386708625
98,98,98,97,98,497,0.0386708625
98,98,98,97,98,498,0.0386708625
98,98,98,97,98,499,0.0386708625
98,98,98,97,98,500,0.0386708625
98,98,98,97,98,501,0.0386708625
98,98,98,97,98,502,0.0386708625
98,98,98,97,98,503,0.0386708625
98,98,98,97,98,504,0.0386708625
98,98,98,97,98,505,0.0386708625
98,98,98,97,98,506,0.0386708625
98,98,98,97,98,507,0.0386708625
98,98,98,97,98,508,0.0386708625
98,98,98,97,98,509,0.0386708625
98,98,98,97,98,510,0.0386708625
98,98,98,97,98,511,0.0386708625
98,98,98,97,98,512,0.0386708625
98,98,98,97,98,513,0.0386708625
98,98,98,97,98,514,0.0386708625
98,98,98,97,98,515,0.0386708625
98,98,98,97,98,516,0.0386708625
98,98,98,97,98,517,0.0386708625
98,98,98,97,98,518,0.0386708625
98,98,98,97,98,519,0.0386708625
98,98,98,97,98,520,0.0386708625
98,98,98,97,98,521,0.0386708625
98,98,98,97,98,522,0.0386708625
98,98,98,97,98,523,0.0386708625
98,98,98,97,98,524,0.0386708625
98,98,98,97,98,525,0.0386708625
98,98,98,97,98,526,0.0386708625
98,98,98,97,98,527,0.0386708625
98,98,98,97,98,528,0.0386708625
98,98,98,97,98,529,0.0386708625
98,98,98,97,98,530,0.0386708625
98,98,98,97,98,531,0.0386708625
98,98,98,97,98,532,0.0386708625
98,98,98,97,98,533,0.0386708625
98,98,98,97,98,534,0.0386708625
98,98,98,97,98,535,0.0386708625
98,98,98,97,98,536,0.0386708625
98,98,98,97,98,537,0.0386708625
98,98,98,97,98,538,0.0386708625
98,98,98,97,98,539,0.0386708625
98,98,98,97,98,540,0.0386708625
98,98,98,97,98,541,0.0386708625
98,98,98,97,98,542,0.0386708625
98,98,98,97,98,543,0.0386708625
98,98,98,97,98,544,0.0386708625
98,98,98,97,98,545,0.0386708625
98,98,98,97,98,546,0.0386708625
98,98,98,97,98,547,0.0386708625
98,98,98,97,98,548,0.0386708625
98,98,98,97,98,549,0.0386708625
98,98,98,97,98,550,0.0386708625
98,98,98,97,98,551,0.0386708625
98,98,98,97,98,552,0.0386708625
98,98,98,97,98,553,0.0386708625
98,98,98,97,98,554,0.0386708625
98,98,98,97,98,555,0.0386708625
98,98,98,97,98,556,0.0386708625
98,98,98,97,98,557,0.0386708625
98,98,98,97,98,558,0.0386708625
98,98,98,97,98,559,0.0386708625
98,98,98,97,98,560,0.0386708625
98,98,98,97,98,561,0.0386708625
98,98,98,97,98,562,0.0386708625
98,98,98,97,98,563,0.0386708625
98,98,98,97,98,564,0.0386708625
98,98,98,97,98,565,0.0386708625
98,98,98,97,98,566,0.0386708625
98,98,98,97,98,567,0.0386708625
98,98,98,97,98,568,0.0386708625
98,98,98,97,98,569,0.0386708625
98,98,98,97,98,570,0.0386708625
98,98,98,97,98,571,0.0386708625
98,98,98,97,98,572,0.0386708625
98,98,98,97,98,573,0.0386708625
98,98,98,97,98,574,0.0386708625
98,98,98,97,98,575,0.0386708625
98,98,98,97,98,576,0.0386708625
98,98,98,97,98,577,0.0386708625
98,98,98,97,98,578,0.0386708625
98,98,98,97,98,579,0.0386708625
98,98,98,97,98,580,0.0386708625
98,98,98,97,98,581,0.0386708625
98,98,98,97,98,582,0.0386708625
98,98,98,97,98,583,0.0386708625
98,98,98,97,98,584,0.0386708625
98,98,98,97,98,585,0.0386708625
98,98,98,97,98,586,0.0386708625
98,98,98,97,98,587,0.0386708625
98,98,98,97,98,588,0.0386708625
98,98,98,97,98,589,0.0386708625
98,98,98,97,98,590,0.0386708625
98,98,98,97,98,591,0.0386708625
98,98,98,97,98,592,0.0386708625
98,98,98,97,98,593,0.0386708625
98,98,98,97,98,594,0.0386708625
98,98,98,97,98,595,0.0386708625
98,98,98,97,98,596,0.0386708625
98,98,98,97,98,597,0.0386708625
98,98,98,97,98,598,0.0386708625
98,98,98,97,98,599,0.0386708625
98,98,98,97,98,600,0.0386708625
98,98,98,97,98,601,0.0386708625
98,98,98,97,98,602,0.0386708625
98,98,98,97,98,603,0.0386708625
98,98,98,97,98,604,0.0386708625
98,98,98,97,98,605,0.0386708625
98,98,98,97,98,606,0.0386708625
98,98,98,97,98,607,0.0386708625
98,98,98,97,98,608,0.0386708625
98,98,98,97,98,609,0.0386708625
98,98,98,97,98,610,0.0386708625
98,98,98,97,98,611,0.0386708625
98,98,98,97,98,612,0.0386708625
98,98,98,97,98,613,0.0386708625
98,98,98,97,98,614,0.0386708625
98,98,98,97,98,615,0.0386708625
98,98,98,97,98,616,0.0386708625
98,98,98,97,98,617,0.0386708625
98,98,98,97,98,618,0.0386708625
98,98,98,97,98,619,0.0386708625
98,98,98,97,98,620,0.0386708625
98,98,98,97,98,621,0.0386708625
98,98,98,97,98,622,0.0386708625
98,98,98,97,98,623,0.0386708625
98,98,98,97,98,624,0.0386708625
98,98,98,97,98,625,0.0386708625
98,98,98,97,98,626,0.0386708625
98,98,98,97,98,627,0.0386708625
98,98,98,97,98,628,0.0386708625
98,98,98,97,98,629,0.0386708625
98,98,98,97,98,630,0.0386708625
98,98,98,97,98,631,0.0386708625
98,98,98,97,98,632,0.0386708625
98,98,98,97,98,633,0.0386708625
98,98,98,97,98,634,0.0386708625
98,98,98,97,98,635,0.0386708625
98,98,98,97,98,636,0.0386708625
98,98,98,97,98,637,0.0386708625
98,98,98,97,98,638,0.0386708625
98,98,98,97,98,639,0.0386708625
98,98,98,97,98,640,0.0386708625
98,98,98,97,98,641,0.0386708625
98,98,98,97,98,642,0.0386708625
98,98,98,97,98,643,0.0386708625
98,98,98,97,98,644,0.0386708625
98,98,98,97,98,645,0.0386708625
98,98,98,97,98,646,0.0386708625
98,98,98,97,98,647,0.0386708625
98,98,98,97,98,648,0.0386708625
98,98,98,97,98,649,0.0386708625
98,98,98,97,98,650,0.0386708625
98,98,98,97,98,651,0.0386708625
98,98,98,97,98,652,0.0386708625
98,98,98,97,98,653,0.0386708625
98,98,98,97,98,654,0.0386708625
98,98,98,97,98,655,0.0386708625
98,98,98,97,98,656,0.0386708625
98,98,98,97,98,657,0.0386708625
98,98,98,97,98,658,0.0386708625
98,98,98,97,98,659,0.0386708625
98,98,98,97,98,660,0.0386708625
98,98,98,97,98,661,0.0386708625
98,98,98,97,98,662,0.0386708625
98,98,98,97,98,663,0.0386708625
98,98,98,97,98,664,0.0386708625
98,98,98,97,98,665,0.0386708625
98,98,98,97,98,666,0.0386708625
98,98,98,97,98,667,0.0386708625
98,98,98,97,98,668,0.0386708625
98,98,98,97,98,669,0.0386708625
98,98,98,97,98,670,0.0386708625
98,98,98,97,98,671,0.0386708625
98,98,98,97,98,672,0.0386708625
98,98,98,97,98,673,0.0386708625
98,98,98,97,98,674,0.0386708625
98,98,98,97,98,675,0.0386708625
98,98,98,97,98,676,0.0386708625
98,98,98,97,98,677,0.0386708625
98,98,98,97,98,678,0.0386708625
98,98,98,97,98,679,0.0386708625
98,98,98,97,98,680,0.0386708625
98,98,98,97,98,681,0.0386708625
98,98,98,97,98,682,0.0386708625
98,98,98,97,98,683,0.0386708625
98,98,98,97,98,684,0.0386708625
98,98,98,97,98,685,0.0386708625
98,98,98,97,98,686,0.0386708625
98,98,98,97,98,687,0.0386708625
98,98,98,97,98,688,0.0386708625
98,98,98,97,98,689,0.0386708625
98,98,98,97,98,690,0.0386708625
98,98,98,97,98,691,0.0386708625
98,98,98,97,98,692,0.0386708625
98,98,98,97,98,693,0.0386708625
98,98,98,97,98,694,0.0386708625
98,98,98,97,98,695,0.0386708625
98,98,98,97,98,696,0.0386708625
98,98,98,97,98,697,0.0386708625
98,98,98,97,98,698,0.0386708625
98,98,98,97,98,699,0.0386708625
98,98,98,97,98,700,0.0386708625
98,98,98,97,98,701,0.0386708625
98,98,98,97,98,702,0.0386708625
98,98,98,97,98,703,0.0386708625
98,98,98,97,98,704,0.0386708625
98,98,98,97,98,705,0.0386708625
98,98,98,97,98,706,0.0386708625
98,98,98,97,98,707,0.0386708625
98,98,98,97,98,708,0.0386708625
98,98,98,97,98,709,0.0386708625
98,98,98,97,98,710,0.0386708625
98,98,98,97,98,711,0.0386708625
98,98,98,97,98,712,0.0386708625
98,98,98,97,98,713,0.0386708625
98,98,98,97,98,714,0.0386708625
98,98,98,97,98,715,0.0386708625
98,98,98,97,98,716,0.0386708625
98,98,98,97,98,717,0.0386708625
98,98,98,97,98,718,0.0386708625
98,98,98,97,98,719,0.0386708625
98,98,98,97,98,720,0.0386708625
98,98,98,97,98,721,0.0386708625
98,98,98,97,98,722,0.0386708625
98,98,98,97,98,723,0.0386708625
98,98,98,97,98,724,0.0386708625
98,98,98,97,98,725,0.0386708625
98,98,98,97,98,726,0.0386708625
98,98,98,97,98,727,0.0386708625
98,98,98,97,98,728,0.0386708625
98,98,98,97,98,729,0.0386708625
98,98,98,97,98,730,0.0386708625
98,98,98,97,98,731,0.0386708625
98,98,98,97,98,732,0.0386708625
98,98,98,97,98,733,0.0386708625
98,98,98,97,98,734,0.0386708625
98,98,98,97,98,735,0.0386708625
98,98,98,97,98,736,0.0386708625
98,98,98,97,98,737,0.0386708625
98,98,98,97,98,738,0.0386708625
98,98,98,97,98,739,0.0386708625
98,98,98,97,98,740,0.0386708625
98,98,98,97,98,741,0.0386708625
98,98,98,97,98,742,0.0386708625
98,98,98,97,98,743,0.0386708625
98,98,98,97,98,744,0.0386708625
98,98,98,97,98,745,0.0386708625
98,98,98,97,98,746,0.0386708625
98,98,98,97,98,747,0.0386708625
98,98,98,97,98,748,0.0386708625
98,98,98,97,98,749,0.0386708625
98,98,98,97,98,750,0.0386708625
98,98,98,97,98,751,0.0386708625
98,98,98,97,98,752,0.0386708625
98,98,98,97,98,753,0.0386708625
98,98,98,97,98,754,0.0386708625
98,98,98,97,98,755,0.0386708625
98,98,98,97,98,756,0.0386708625
98,98,98,97,98,757,0.0386708625
98,98,98,97,98,758,0.0386708625
98,98,98,97,98,759,0.0386708625
98,98,98,97,98,760,0.0386708625
98,98,98,97,98,761,0.0386708625
98,98,98,97,98,762,0.0386708625
98,98,98,97,98,763,0.0386708625
98,98,98,97,98,764,0.0386708625
98,98,98,97,98,765,0.0386708625
98,98,98,97,98,766,0.0386708625
98,98,98,97,98,767,0.0386708625
98,98,98,97,98,768,0.0386708625
98,98,98,97,98,769,0.0386708625
98,98,98,97,98,770,0.0386708625
98,98,98,97,98,771,0.0386708625
98,98,98,97,98,772,0.0386708625
98,98,98,97,98,773,0.0386708625
98,98,98,97,98,774,0.0386708625
98,98,98,97,98,775,0.0386708625
98,98,98,97,98,776,0.0386708625
98,98,98,97,98,777,0.0386708625
98,98,98,97,98,778,0.0386708625
98,98,98,97,98,779,0.0386708625
98,98,98,97,98,780,0.0386708625
98,98,98,97,98,781,0.0386708625
98,98,98,97,98,782,0.0386708625
98,98,98,97,98,783,0.0386708625
98,98,98,97,98,784,0.0386708625
98,98,98,97,98,785,0.0386708625
98,98,98,97,98,786,0.0386708625
98,98,98,97,98,787,0.0386708625
98,98,98,97,98,788,0.0386708625
98,98,98,97,98,789,0.0386708625
98,98,98,97,98,790,0.0386708625
98,98,98,97,98,791,0.0386708625
98,98,98,97,98,792,0.0386708625
98,98,98,97,98,793,0.0386708625
98,98,98,97,98,794,0.0386708625
98,98,98,97,98,795,0.0386708625
98,98,98,97,98,796,0.0386708625
98,98,98,97,98,797,0.0386708625
98,98,98,97,98,798,0.0386708625
98,98,98,97,98,799,0.0386708625
98,98,98,97,98,800,0.0386708625
98,98,98,97,98,801,0.0386708625
98,98,98,97,98,802,0.0386708625
98,98,98,97,98,803,0.0386708625
98,98,98,97,98,804,0.0386708625
98,98,98,97,98,805,0.0386708625
98,98,98,97,98,806,0.0386708625
98,98,98,97,98,807,0.0386708625
98,98,98,97,98,808,0.0386708625
98,98,98,97,98,809,0.0386708625
98,98,98,97,98,810,0.0386708625
98,98,98,97,98,811,0.0386708625
98,98,98,97,98,812,0.0386708625
98,98,98,97,98,813,0.0386708625
98,98,98,97,98,814,0.0386708625
98,98,98,97,98,815,0.0386708625
98,98,98,97,98,816,0.0386708625
98,98,98,97,98,817,0.0386708625
98,98,98,97,98,818,0.0386708625
98,98,98,97,98,819,0.0386708625
98,98,98,97,98,820,0.0386708625
98,98,98,97,98,821,0.0386708625
98,98,98,97,98,822,0.0386708625
98,98,98,97,98,823,0.0386708625
98,98,98,97,98,824,0.0386708625
98,98,98,97,98,825,0.0386708625
98,98,98,97,98,826,0.0386708625
98,98,98,97,98,827,0.0386708625
98,98,98,97,98,828,0.0386708625
98,98,98,97,98,829,0.0386708625
98,98,98,97,98,830,0.0386708625
98,98,98,97,98,831,0.0386708625
98,98,98,97,98,832,0.0386708625
98,98,98,97,98,833,0.0386708625
98,98,98,97,98,834,0.0386708625
98,98,98,97,98,835,0.0386708625
98,98,98,97,98,836,0.0386708625
98,98,98,97,98,837,0.0386708625
98,98,98,97,98,838,0.0386708625
98,98,98,97,98,839,0.0386708625
98,98,98,97,98,840,0.0386708625
98,98,98,97,98,841,0.0386708625
98,98,98,97,98,842,0.0386708625
98,98,98,97,98,843,0.0386708625
98,98,98,97,98,844,0.0386708625
98,98,98,97,98,845,0.0386708625
98,98,98,97,98,846,0.0386708625
98,98,98,97,98,847,0.0386708625
98,98,98,97,98,848,0.0386708625
98,98,98,97,98,849,0.0386708625
98,98,98,97,98,850,0.0386708625
98,98,98,97,98,851,0.0386708625
98,98,98,97,98,852,0.0386708625
98,98,98,97,98,853,0.0386708625
98,98,98,97,98,854,0.0386708625
98,98,98,97,98,855,0.0386708625
98,98,98,97,98,856,0.0386708625
98,98,98,97,98,857,0.0386708625
98,98,98,97,98,858,0.0386708625
98,98,98,97,98,859,0.0386708625
98,98,98,97,98,860,0.0386708625
98,98,98,97,98,861,0.0386708625
98,98,98,97,98,862,0.0386708625
98,98,98,97,98,863,0.0386708625
98,98,98,97,98,864,0.0386708625
98,98,98,97,98,865,0.0386708625
98,98,98,97,98,866,0.0386708625
98,98,98,97,98,867,0.0386708625
98,98,98,97,98,868,0.0386708625
98,98,98,97,98,869,0.0386708625
98,98,98,97,98,870,0.0386708625
98,98,98,97,98,871,0.0386708625
98,98,98,97,98,872,0.0386708625
98,98,98,97,98,873,0.0386708625
98,98,98,97,98,874,0.0386708625
98,98,98,97,98,875,0.0386708625
98,98,98,97,98,876,0.0386708625
98,98,98,97,98,877,0.0386708625
98,98,98,97,98,878,0.0386708625
98,98,98,97,98,879,0.0386708625
98,98,98,97,98,880,0.0386708625
98,98,98,97,98,881,0.0386708625
98,98,98,97,98,882,0.0386708625
98,98,98,97,98,883,0.0386708625
98,98,98,97,98,884,0.0386708625
98,98,98,97,98,885,0.0386708625
98,98,98,97,98,886,0.0386708625
98,98,98,97,98,887,0.0386708625
98,98,98,97,98,888,0.0386708625
98,98,98,97,98,889,0.0386708625
98,98,98,97,98,890,0.0386708625
98,98,98,97,98,891,0.0386708625
98,98,98,97,98,892,0.0386708625
98,98,98,97,98,893,0.0386708625
98,98,98,97,98,894,0.0386708625
98,98,98,97,98,895,0.0386708625
98,98,98,97,98,896,0.0386708625
98,98,98,97,98,897,0.0386708625
98,98,98,97,98,898,0.0386708625
98,98,98,97,98,899,0.0386708625
98,98,98,97,98,900,0.0386708625
98,98,98,97,98,901,0.0386708625
98,98,98,97,98,902,0.0386708625
98,98,98,97,98,903,0.0386708625
98,98,98,97,98,904,0.0386708625
98,98,98,97,98,905,0.0386708625
98,98,98,97,98,906,0.0386708625
98,98,98,97,98,907,0.0386708625
98,98,98,97,98,908,0.0386708625
98,98,98,97,98,909,0.0386708625
98,98,98,97,98,910,0.0386708625
98,98,98,97,98,911,0.0386708625
98,98,98,97,98,912,0.0386708625
98,98,98,97,98,913,0.0386708625
98,98,98,97,98,914,0.0386708625
98,98,98,97,98,915,0.0386708625
98,98,98,97,98,916,0.0386708625
98,98,98,97,98,917,0.0386708625
98,98,98,97,98,918,0.0386708625
98,98,98,97,98,919,0.0386708625
98,98,98,97,98,920,0.0386708625
98,98,98,97,98,921,0.0386708625
98,98,98,97,98,922,0.0386708625
98,98,98,97,98,923,0.0386708625
98,98,98,97,98,924,0.0386708625
98,98,98,97,98,925,0.0386708625
98,98,98,97,98,926,0.0386708625
98,98,98,97,98,927,0.0386708625
98,98,98,97,98,928,0.0386708625
98,98,98,97,98,929,0.0386708625
98,98,98,97,98,930,0.0386708625
98,98,98,97,98,931,0.0386708625
98,98,98,97,98,932,0.0386708625
98,98,98,97,98,933,0.0386708625
98,98,98,97,98,934,0.0386708625
98,98,98,97,98,935,0.0386708625
98,98,98,97,98,936,0.0386708625
98,98,98,97,98,937,0.0386708625
98,98,98,97,98,938,0.0386708625
98,98,98,97,98,939,0.0386708625
98,98,98,97,98,940,0.0386708625
98,98,98,97,98,941,0.0386708625
98,98,98,97,98,942,0.0386708625
98,98,98,97,98,943,0.0386708625
98,98,98,97,98,944,0.0386708625
98,98,98,97,98,945,0.0386708625
98,98,98,97,98,946,0.0386708625
98,98,98,97,98,947,0.0386708625
98,98,98,97,98,948,0.0386708625
98,98,98,97,98,949,0.0386708625
98,98,98,97,98,950,0.0386708625
98,98,98,97,98,951,0.0386708625
98,98,98,97,98,952,0.0386708625
98,98,98,97,98,953,0.0386708625
98,98,98,97,98,954,0.0386708625
98,98,98,97,98,955,0.0386708625
98,98,98,97,98,956,0.0386708625
98,98,98,97,98,957,0.0386708625
98,98,98,97,98,958,0.0386708625
98,98,98,97,98,959,0.0386708625
98,98,98,97,98,960,0.0386708625
98,98,98,97,98,961,0.0386708625
98,98,98,97,98,962,0.0386708625
98,98,98,97,98,963,0.0386708625
98,98,98,97,98,964,0.0386708625
98,98,98,97,98,965,0.0386708625
98,98,98,97,98,966,0.0386708625
98,98,98,97,98,967,0.0386708625
98,98,98,97,98,968,0.0386708625
98,98,98,97,98,969,0.0386708625
98,98,98,97,98,970,0.0386708625
98,98,98,97,98,971,0.0386708625
98,98,98,97,98,972,0.0386708625
98,98,98,97,98,973,0.0386708625
98,98,98,97,98,974,0.0386708625
98,98,98,97,98,975,0.0386708625
98,98,98,97,98,976,0.0386708625
98,98,98,97,98,977,0.0386708625
98,98,98,97,98,978,0.0386708625
98,98,98,97,98,979,0.0386708625
98,98,98,97,98,980,0.0386708625
98,98,98,97,98,981,0.0386708625
98,98,98,97,98,982,0.0386708625
98,98,98,97,98,983,0.0386708625
98,98,98,97,98,984,0.0386708625
98,98,98,97,98,985,0.0386708625
98,98,98,97,98,986,0.0386708625
98,98,98,97,98,987,0.0386708625
98,98,98,97,98,988,0.0386708625
98,98,98,97,98,989,0.0386708625
98,98,98,97,98,990,0.0386708625
98,98,98,97,98,991,0.0386708625
98,98,98,97,98,992,0.0386708625
98,98,98,97,98,993,0.0386708625
98,98,98,97,98,994,0.0386708625
98,98,98,97,98,995,0.0386708625
98,98,98,97,98,996,0.0386708625
98,98,98,97,98,997,0.0386708625
98,98,98,97,98,998,0.0386708625
98,98,98,97,98,999,0.0386708625
98,98,98,97,98,1000,0.0386708625
98,98,98,97,98,1001,0.0386708625
98,98,98,97,98,1002,0.0386708625
98,98,98,97,98,1003,0.0386708625
98,98,98,97,98,1004,0.0386708625
98,98,98,97,98,1005,0.0386708625
98,98,98,97,98,1006,0.0386708625
98,98,98,97,98,1007,0.0386708625
98,98,98,97,98,1008,0.0386708625
98,98,98,97,98,1009,0.0386708625
98,98,98,97,98,1010,0.0386708625
98,98,98,97,98,1011,0.0386708625
98,98,98,97,98,1012,0.0386708625
98,98,98,97,98,1013,0.0386708625
98,98,98,97,98,1014,0.0386708625
98,98,98,97,98,1015,0.0386708625
98,98,98,97,98,1016,0.0386708625
98,98,98,97,98,1017,0.0386708625
98,98,98,97,98,1018,0.0386708625
98,98,98,97,98,1019,0.0386708625
98,98,98,97,98,1020,0.0386708625
98,98,98,97,98,1021,0.0386708625
98,98,98,97,98,1022,0.0386708625
98,98,98,97,98,1023,0.0386708625
98,98,98,97,98,1024,0.0386708625
