rebalance_strategy,slab_cnt,rebalance_interval,miss_ratio,rebalanced_slabs
marginal-hits,256,550000,0.2047883375,139
hits,256,430000,0.337400525,64
marginal-hits,128,190000,0.4181811875,416
marginal-hits,256,770000,0.2133571625,99
tail-age,256,840000,0.2734423125,0
marginal-hits,128,370000,0.4188788625,213
hits,256,890000,0.319288175,64
hits,256,310000,0.341831825,64
marginal-hits,256,980000,0.22163,78
free-mem,256,190000,0.2734423125,0
free-mem,256,250000,0.2734423125,0
tail-age,256,350000,0.2734423125,0
marginal-hits,128,220000,0.4183454625,358
tail-age,128,470000,0.4520975,0
tail-age,256,910000,0.2734423125,0
hits,128,960000,0.4782566625,43
tail-age,128,720000,0.4520975,0
marginal-hits,128,140000,0.418633875,564
free-mem,128,130000,0.4520975,0
hits,256,490000,0.33619865,65
hits,256,760000,0.325424175,65
free-mem,256,510000,0.2734423125,0
free-mem,128,680000,0.4520975,0
hits,256,600000,0.3309227625,64
hits,128,500000,0.484688,43
tail-age,256,890000,0.2734423125,0
tail-age,128,870000,0.4520975,0
tail-age,128,640000,0.4520975,0
marginal-hits,256,280000,0.1942822875,274
tail-age,256,690000,0.2734423125,0
marginal-hits,128,30000,0.4257789875,2635
marginal-hits,256,690000,0.2105903625,110
marginal-hits,256,580000,0.2055065,132
tail-age,128,830000,0.4520975,0
hits,128,700000,0.4816895125,43
free-mem,128,890000,0.4520975,0
marginal-hits,256,650000,0.208784475,118
tail-age,256,680000,0.2734423125,0
disabled,256,5000,0.2734423125,0
free-mem,256,300000,0.2734423125,0
marginal-hits,128,270000,0.4184520625,292
tail-age,256,430000,0.2734423125,0
tail-age,128,990000,0.4520975,0
tail-age,128,30000,0.4520975,0
hits,256,320000,0.3416632125,64
tail-age,128,880000,0.4520975,0
free-mem,256,990000,0.2734423125,0
marginal-hits,128,400000,0.4191068375,196
marginal-hits,256,1000000,0.2223954875,76
tail-age,256,940000,0.2734423125,0
free-mem,128,710000,0.4520975,0
hits,128,380000,0.4863139125,43
tail-age,256,310000,0.2734423125,0
tail-age,128,150000,0.4520975,0
marginal-hits,128,470000,0.4193012375,168
free-mem,128,90000,0.4520975,0
marginal-hits,128,970000,0.422578775,81
tail-age,256,40000,0.2734423125,0
marginal-hits,256,510000,0.2029569875,150
tail-age,128,360000,0.4520975,0
free-mem,128,660000,0.4520975,0
hits,256,400000,0.3395107,65
hits,256,380000,0.3392742125,64
free-mem,256,80000,0.2734423125,0
hits,128,220000,0.4885767,43
hits,256,390000,0.3399564625,65
marginal-hits,256,790000,0.214164325,97
marginal-hits,256,140000,0.190350325,550
hits,256,30000,0.350778775,66
free-mem,128,370000,0.4520975,0
free-mem,128,290000,0.4520975,0
hits,256,80000,0.3510085125,67
free-mem,128,950000,0.4520975,0
marginal-hits,128,300000,0.4185852625,262
marginal-hits,128,860000,0.422227175,91
free-mem,256,410000,0.2734423125,0
hits,256,140000,0.347712225,66
hits,256,750000,0.325206975,64
tail-age,128,430000,0.4520975,0
tail-age,256,520000,0.2734423125,0
tail-age,256,90000,0.2734423125,0
hits,128,950000,0.4784059,43
free-mem,256,30000,0.2734423125,0
tail-age,128,300000,0.4520975,0
tail-age,128,1000000,0.4520975,0
tail-age,256,920000,0.2734423125,0
marginal-hits,128,930000,0.422298375,85
marginal-hits,128,480000,0.419417775,164
marginal-hits,256,970000,0.2211332625,79
hits,256,650000,0.3302131875,66
tail-age,256,160000,0.2734423125,0
free-mem,256,610000,0.2734423125,0
marginal-hits,128,120000,0.4189041,658
disabled,256,5000,0.2734423125,0
tail-age,256,460000,0.2734423125,0
free-mem,128,60000,0.4520975,0
tail-age,128,650000,0.4520975,0
tail-age,256,110000,0.2734423125,0
free-mem,256,980000,0.2734423125,0
hits,128,590000,0.4833471,43
hits,256,590000,0.3322474625,65
free-mem,256,430000,0.2734423125,0
free-mem,256,490000,0.2734423125,0
free-mem,256,350000,0.2734423125,0
free-mem,128,740000,0.4520975,0
hits,256,420000,0.337846425,64
hits,128,170000,0.489319525,43
free-mem,256,590000,0.2734423125,0
tail-age,128,690000,0.4520975,0
marginal-hits,128,910000,0.4221647625,86
tail-age,256,300000,0.2734423125,0
hits,128,470000,0.4851454375,43
free-mem,256,550000,0.2734423125,0
marginal-hits,256,450000,0.2007176125,170
marginal-hits,256,370000,0.197363,208
hits,256,740000,0.325633775,64
free-mem,256,870000,0.2734423125,0
marginal-hits,128,520000,0.4196844875,151
free-mem,256,830000,0.2734423125,0
hits,256,510000,0.33530835,65
hits,128,120000,0.49061075,43
tail-age,256,700000,0.2734423125,0
tail-age,256,820000,0.2734423125,0
hits,256,520000,0.3338418375,64
hits,128,370000,0.4864651125,43
free-mem,256,570000,0.2734423125,0
marginal-hits,256,740000,0.21196625,104
marginal-hits,128,530000,0.4197211625,148
marginal-hits,128,390000,0.4189714625,202
marginal-hits,128,960000,0.4225001,82
hits,256,720000,0.3264698875,64
free-mem,256,110000,0.2734423125,0
free-mem,128,300000,0.4520975,0
free-mem,128,430000,0.4520975,0
tail-age,128,970000,0.4520975,0
marginal-hits,256,40000,0.194644275,1928
marginal-hits,128,460000,0.4192983375,171
tail-age,128,950000,0.4520975,0
tail-age,128,500000,0.4520975,0
tail-age,256,530000,0.2734423125,0
tail-age,128,90000,0.4520975,0
hits,128,920000,0.47885135,43
free-mem,128,510000,0.4520975,0
hits,256,900000,0.3192695,65
free-mem,256,540000,0.2734423125,0
marginal-hits,128,50000,0.4223998625,1580
free-mem,128,570000,0.4520975,0
hits,256,370000,0.33972745,64
tail-age,128,740000,0.4520975,0
hits,128,130000,0.489972975,43
marginal-hits,256,80000,0.19089615,963
hits,128,350000,0.48677325,43
hits,256,770000,0.3243609625,64
hits,256,410000,0.339474325,65
marginal-hits,256,710000,0.2106528125,108
free-mem,256,270000,0.2734423125,0
free-mem,256,960000,0.2734423125,0
marginal-hits,256,590000,0.20591235,130
free-mem,256,700000,0.2734423125,0
tail-age,256,210000,0.2734423125,0
free-mem,256,290000,0.2734423125,0
free-mem,256,650000,0.2734423125,0
marginal-hits,256,830000,0.2159466625,92
tail-age,128,790000,0.4520975,0
free-mem,128,550000,0.4520975,0
free-mem,256,340000,0.2734423125,0
free-mem,256,930000,0.2734423125,0
free-mem,128,10000,0.4520975,0
marginal-hits,128,60000,0.4212193625,1317
hits,256,580000,0.3317745,64
marginal-hits,256,150000,0.18998975,514
free-mem,256,640000,0.2734423125,0
tail-age,256,780000,0.2734423125,0
free-mem,256,820000,0.2734423125,0
hits,128,20000,0.4921606375,46
hits,128,260000,0.4880442375,43
hits,256,100000,0.3493392,66
marginal-hits,256,420000,0.19924335,183
tail-age,128,730000,0.4520975,0
hits,256,840000,0.3213947625,64
hits,256,660000,0.329099075,65
tail-age,128,570000,0.4520975,0
free-mem,256,320000,0.2734423125,0
hits,256,880000,0.319703325,64
hits,128,60000,0.4920033875,45
marginal-hits,128,660000,0.4206712625,119
marginal-hits,128,170000,0.41839235,464
tail-age,128,130000,0.4520975,0
hits,128,760000,0.4807886375,43
hits,128,160000,0.4894896375,43
free-mem,128,390000,0.4520975,0
free-mem,256,780000,0.2734423125,0
hits,128,970000,0.478111625,43
tail-age,128,240000,0.4520975,0
free-mem,256,680000,0.2734423125,0
tail-age,256,190000,0.2734423125,0
tail-age,256,330000,0.2734423125,0
marginal-hits,128,150000,0.4184493375,526
tail-age,128,80000,0.4520975,0
tail-age,128,260000,0.4520975,0
free-mem,128,80000,0.4520975,0
marginal-hits,128,180000,0.41831175,438
marginal-hits,256,640000,0.20815925,119
free-mem,256,20000,0.2734423125,0
marginal-hits,256,110000,0.1899924375,701
tail-age,128,390000,0.4520975,0
hits,128,30000,0.4921214125,46
hits,256,970000,0.3169315,64
free-mem,128,490000,0.4520975,0
free-mem,256,710000,0.2734423125,0
marginal-hits,256,230000,0.1923928375,334
hits,128,740000,0.4810904375,43
marginal-hits,256,900000,0.2191785,84
hits,256,120000,0.3493171125,67
free-mem,128,180000,0.4520975,0
tail-age,256,880000,0.2734423125,0
tail-age,256,620000,0.2734423125,0
tail-age,256,70000,0.2734423125,0
marginal-hits,256,480000,0.2014908125,160
marginal-hits,256,940000,0.2198381125,82
tail-age,128,420000,0.4520975,0
tail-age,256,80000,0.2734423125,0
free-mem,128,640000,0.4520975,0
marginal-hits,128,430000,0.4192143375,183
free-mem,128,630000,0.4520975,0
marginal-hits,128,720000,0.4211591125,109
free-mem,128,340000,0.4520975,0
tail-age,256,180000,0.2734423125,0
hits,256,860000,0.3205446625,64
tail-age,128,110000,0.4520975,0
marginal-hits,256,780000,0.213731375,98
free-mem,128,920000,0.4520975,0
marginal-hits,128,830000,0.4219823375,94
hits,256,220000,0.344522925,64
hits,128,680000,0.4819975125,43
hits,128,790000,0.480341375,43
marginal-hits,256,630000,0.2077699125,121
free-mem,128,260000,0.4520975,0
free-mem,128,750000,0.4520975,0
marginal-hits,256,890000,0.2187223375,85
hits,256,570000,0.332218125,64
free-mem,256,630000,0.2734423125,0
marginal-hits,128,510000,0.4195737375,154
marginal-hits,128,600000,0.420276525,131
free-mem,128,140000,0.4520975,0
tail-age,256,740000,0.2734423125,0
hits,128,100000,0.4915587625,44
free-mem,256,740000,0.2734423125,0
hits,128,70000,0.49197905,46
free-mem,128,840000,0.4520975,0
free-mem,256,580000,0.2734423125,0
hits,256,790000,0.3235216875,64
hits,128,620000,0.4828919125,43
tail-age,256,390000,0.2734423125,0
free-mem,128,780000,0.4520975,0
hits,256,270000,0.3444777875,65
tail-age,128,380000,0.4520975,0
tail-age,256,290000,0.2734423125,0
marginal-hits,256,30000,0.1965737875,2572
marginal-hits,128,750000,0.42138285,104
hits,128,530000,0.4842430375,43
hits,256,830000,0.3218089875,64
marginal-hits,128,940000,0.422394725,84
free-mem,128,900000,0.4520975,0
hits,128,290000,0.487563775,43
tail-age,128,70000,0.4520975,0
tail-age,128,210000,0.4520975,0
marginal-hits,128,890000,0.4224501125,87
tail-age,256,100000,0.2734423125,0
tail-age,256,360000,0.2734423125,0
tail-age,128,400000,0.4520975,0
free-mem,256,520000,0.2734423125,0
hits,256,450000,0.337578775,65
marginal-hits,256,750000,0.21246535,102
hits,128,360000,0.4866199375,43
free-mem,128,480000,0.4520975,0
hits,128,930000,0.478709025,43
tail-age,256,580000,0.2734423125,0
tail-age,256,500000,0.2734423125,0
marginal-hits,128,820000,0.421898475,95
hits,256,920000,0.31801495,64
tail-age,128,660000,0.4520975,0
marginal-hits,128,950000,0.4224414,83
hits,128,390000,0.486158225,43
marginal-hits,256,310000,0.1953448625,248
hits,256,130000,0.3480377625,66
tail-age,128,630000,0.4520975,0
marginal-hits,128,450000,0.4193445375,174
free-mem,256,60000,0.2734423125,0
free-mem,128,520000,0.4520975,0
tail-age,128,200000,0.4520975,0
tail-age,128,900000,0.4520975,0
marginal-hits,256,700000,0.2110629375,109
free-mem,256,560000,0.2734423125,0
marginal-hits,256,300000,0.194894075,256
tail-age,256,240000,0.2734423125,0
tail-age,128,940000,0.4520975,0
hits,128,420000,0.4856876125,43
free-mem,128,990000,0.4520975,0
tail-age,256,230000,0.2734423125,0
tail-age,256,860000,0.2734423125,0
tail-age,256,830000,0.2734423125,0
marginal-hits,128,810000,0.4218553625,96
hits,128,310000,0.487392325,43
hits,256,20000,0.3538500875,68
tail-age,256,550000,0.2734423125,0
hits,256,210000,0.3446210875,64
hits,256,960000,0.317621025,65
tail-age,256,1000000,0.2734423125,0
free-mem,256,120000,0.2734423125,0
tail-age,128,220000,0.4520975,0
marginal-hits,256,560000,0.2053390375,136
hits,256,540000,0.3329478375,64
hits,128,490000,0.4848451,43
free-mem,256,910000,0.2734423125,0
hits,256,260000,0.3450280125,65
marginal-hits,128,980000,0.4227022625,80
hits,128,630000,0.48274275,43
marginal-hits,256,290000,0.1943928375,265
hits,128,850000,0.4794331,43
free-mem,128,100000,0.4520975,0
hits,256,350000,0.3402985875,64
free-mem,128,910000,0.4520975,0
marginal-hits,256,50000,0.192808775,1542
marginal-hits,256,90000,0.190509575,856
tail-age,128,40000,0.4520975,0
marginal-hits,128,780000,0.4216023,100
free-mem,128,410000,0.4520975,0
hits,128,150000,0.489598725,43
free-mem,128,250000,0.4520975,0
marginal-hits,256,410000,0.198830575,188
tail-age,128,840000,0.4520975,0
marginal-hits,256,440000,0.2002359,174
marginal-hits,256,960000,0.2207275,80
marginal-hits,128,360000,0.4188082875,219
hits,256,680000,0.3282060375,65
marginal-hits,256,100000,0.1901775625,770
hits,128,610000,0.483041275,43
marginal-hits,256,810000,0.2150422875,94
free-mem,256,10000,0.2734423125,0
tail-age,128,550000,0.4520975,0
marginal-hits,128,620000,0.4203757625,127
marginal-hits,128,990000,0.4227414625,79
hits,128,990000,0.4778197375,43
free-mem,256,770000,0.2734423125,0
marginal-hits,128,380000,0.4188652125,207
marginal-hits,128,610000,0.4203857,129
free-mem,128,240000,0.4520975,0
hits,256,230000,0.3441423,64
hits,128,910000,0.47899415,43
tail-age,128,540000,0.4520975,0
free-mem,128,560000,0.4520975,0
free-mem,256,390000,0.2734423125,0
hits,256,360000,0.34016655,64
tail-age,128,750000,0.4520975,0
free-mem,256,730000,0.2734423125,0
free-mem,256,310000,0.2734423125,0
tail-age,128,590000,0.4520975,0
tail-age,256,170000,0.2734423125,0
free-mem,128,120000,0.4520975,0
hits,256,60000,0.3512486625,67
free-mem,256,370000,0.2734423125,0
hits,128,580000,0.4835005,43
tail-age,256,60000,0.2734423125,0
hits,256,440000,0.3369318875,64
hits,128,400000,0.48599885,43
hits,128,670000,0.48213625,43
free-mem,128,870000,0.4520975,0
marginal-hits,128,490000,0.419470525,161
free-mem,256,40000,0.2734423125,0
marginal-hits,256,820000,0.215518125,93
free-mem,128,350000,0.4520975,0
tail-age,128,510000,0.4520975,0
hits,256,730000,0.326629475,65
hits,128,300000,0.4873988375,43
hits,128,940000,0.4785603625,43
free-mem,256,970000,0.2734423125,0
free-mem,128,40000,0.4520975,0
marginal-hits,128,790000,0.4216588,99
hits,128,190000,0.4890719,43
marginal-hits,256,70000,0.1908947375,1101
tail-age,256,480000,0.2734423125,0
hits,128,450000,0.4852091625,43
tail-age,128,440000,0.4520975,0
free-mem,128,960000,0.4520975,0
free-mem,128,880000,0.4520975,0
tail-age,256,420000,0.2734423125,0
hits,256,870000,0.3201336375,64
tail-age,256,710000,0.2734423125,0
free-mem,128,280000,0.4520975,0
marginal-hits,128,100000,0.4193011875,789
marginal-hits,128,880000,0.422364225,88
marginal-hits,256,570000,0.2050516375,135
marginal-hits,256,760000,0.2128815,101
tail-age,128,610000,0.4520975,0
marginal-hits,256,180000,0.1909324625,428
tail-age,128,340000,0.4520975,0
marginal-hits,256,990000,0.2220119,77
hits,256,40000,0.3533007125,68
hits,128,770000,0.480645575,43
tail-age,256,400000,0.2734423125,0
free-mem,256,160000,0.2734423125,0
marginal-hits,256,850000,0.2168686125,90
free-mem,128,830000,0.4520975,0
marginal-hits,128,570000,0.4200428,138
hits,128,210000,0.488734175,43
free-mem,128,160000,0.4520975,0
free-mem,256,470000,0.2734423125,0
hits,256,990000,0.316349175,65
free-mem,128,100000,0.4520975,0
marginal-hits,256,360000,0.1968396375,214
free-mem,128,50000,0.4520975,0
free-mem,256,800000,0.2734423125,0
free-mem,256,150000,0.2734423125,0
free-mem,128,310000,0.4520975,0
free-mem,256,330000,0.2734423125,0
marginal-hits,128,740000,0.4212797625,106
marginal-hits,128,340000,0.418698025,232
tail-age,256,510000,0.2734423125,0
hits,256,500000,0.336628675,66
marginal-hits,128,1000000,0.422848125,78
hits,128,800000,0.480196075,43
hits,256,190000,0.344988925,64
marginal-hits,128,500000,0.419551275,157
free-mem,128,690000,0.4520975,0
marginal-hits,256,220000,0.1918017375,350
hits,256,630000,0.33045925,65
tail-age,256,970000,0.2734423125,0
tail-age,256,660000,0.2734423125,0
free-mem,128,980000,0.4520975,0
free-mem,128,450000,0.4520975,0
hits,128,880000,0.4789878375,43
hits,128,600000,0.483194425,43
free-mem,256,890000,0.2734423125,0
tail-age,256,720000,0.2734423125,0
free-mem,256,260000,0.2734423125,0
free-mem,256,950000,0.2734423125,0
tail-age,128,780000,0.4520975,0
tail-age,128,100000,0.4520975,0
hits,128,180000,0.4891467375,43
tail-age,256,980000,0.2734423125,0
free-mem,256,500000,0.2734423125,0
marginal-hits,128,280000,0.4185036125,281
marginal-hits,256,540000,0.2043068125,142
hits,256,340000,0.34200975,65
hits,256,470000,0.3371479625,65
marginal-hits,256,200000,0.191739025,384
disabled,128,5000,0.4520975,0
hits,128,980000,0.4779657,43
tail-age,128,280000,0.4520975,0
hits,128,840000,0.4795938875,43
free-mem,128,360000,0.4520975,0
marginal-hits,128,580000,0.4201180125,135
tail-age,128,520000,0.4520975,0
tail-age,256,630000,0.2734423125,0
marginal-hits,256,620000,0.2072969125,124
hits,128,100000,0.4915587625,44
marginal-hits,256,330000,0.1958765875,233
free-mem,256,200000,0.2734423125,0
free-mem,256,360000,0.2734423125,0
hits,256,820000,0.3222402375,64
free-mem,256,230000,0.2734423125,0
marginal-hits,128,70000,0.4208792875,1129
hits,256,930000,0.317594425,64
tail-age,256,320000,0.2734423125,0
hits,256,950000,0.317741175,64
free-mem,256,50000,0.2734423125,0
hits,128,10000,0.4923282375,48
tail-age,256,120000,0.2734423125,0
free-mem,128,70000,0.4520975,0
hits,128,520000,0.484395375,43
marginal-hits,128,130000,0.4186103625,608
hits,256,240000,0.346531875,66
free-mem,256,920000,0.2734423125,0
tail-age,128,890000,0.4520975,0
marginal-hits,128,350000,0.4187078625,225
free-mem,256,860000,0.2734423125,0
tail-age,256,600000,0.2734423125,0
tail-age,128,160000,0.4520975,0
tail-age,256,410000,0.2734423125,0
hits,128,90000,0.491670675,43
marginal-hits,256,240000,0.1925968375,321
tail-age,128,670000,0.4520975,0
marginal-hits,128,770000,0.421523625,101
tail-age,256,730000,0.2734423125,0
marginal-hits,256,60000,0.191992225,1286
tail-age,256,10000,0.2734423125,0
free-mem,128,420000,0.4520975,0
free-mem,128,620000,0.4520975,0
tail-age,256,540000,0.2734423125,0
marginal-hits,256,520000,0.2033246125,147
hits,128,690000,0.4818465375,43
tail-age,128,20000,0.4520975,0
hits,128,320000,0.4872381,43
marginal-hits,128,680000,0.4209051625,115
tail-age,256,590000,0.2734423125,0
marginal-hits,128,40000,0.42343095,1976
hits,256,300000,0.3435815875,65
marginal-hits,128,320000,0.4185678125,246
tail-age,128,770000,0.4520975,0
hits,256,550000,0.332504,64
marginal-hits,256,380000,0.1978997125,202
marginal-hits,256,130000,0.19006725,593
marginal-hits,256,840000,0.2164936375,91
tail-age,256,20000,0.2734423125,0
marginal-hits,256,920000,0.2201949,82
free-mem,128,940000,0.4520975,0
hits,128,440000,0.4853726125,43
marginal-hits,256,340000,0.1964576125,226
tail-age,256,960000,0.2734423125,0
free-mem,128,220000,0.4520975,0
tail-age,256,470000,0.2734423125,0
free-mem,256,140000,0.2734423125,0
tail-age,128,450000,0.4520975,0
tail-age,128,10000,0.4520975,0
marginal-hits,128,200000,0.4182241875,394
free-mem,128,670000,0.4520975,0
hits,256,610000,0.3304825125,64
hits,256,690000,0.327021975,64
marginal-hits,128,20000,0.4304659375,3953
free-mem,256,210000,0.2734423125,0
hits,128,810000,0.48003785,43
hits,128,430000,0.4855235125,43
tail-age,256,490000,0.2734423125,0
tail-age,128,580000,0.4520975,0
free-mem,128,770000,0.4520975,0
free-mem,256,460000,0.2734423125,0
free-mem,256,760000,0.2734423125,0
hits,128,780000,0.480493575,43
marginal-hits,128,330000,0.4185329625,239
marginal-hits,256,600000,0.2064883375,128
hits,256,280000,0.344225125,65
hits,256,160000,0.346411275,65
free-mem,128,400000,0.4520975,0
hits,128,340000,0.4869310375,43
tail-age,128,320000,0.4520975,0
hits,256,100000,0.3493392,66
tail-age,128,100000,0.4520975,0
hits,256,800000,0.3230957625,64
hits,128,510000,0.484541225,43
tail-age,128,930000,0.4520975,0
free-mem,256,440000,0.2734423125,0
hits,128,280000,0.4877263875,43
marginal-hits,256,400000,0.1988309125,191
free-mem,128,200000,0.4520975,0
hits,256,710000,0.3268911625,64
hits,256,980000,0.3165004375,64
tail-age,128,290000,0.4520975,0
tail-age,128,310000,0.4520975,0
tail-age,128,700000,0.4520975,0
marginal-hits,256,860000,0.217355925,89
marginal-hits,128,310000,0.418523325,255
free-mem,256,940000,0.2734423125,0
marginal-hits,256,800000,0.2147032625,95
tail-age,128,850000,0.4520975,0
hits,256,620000,0.330708625,65
marginal-hits,128,240000,0.4182585,329
tail-age,128,600000,0.4520975,0
free-mem,128,610000,0.4520975,0
tail-age,128,60000,0.4520975,0
marginal-hits,256,10000,0.2071646375,6967
tail-age,128,910000,0.4520975,0
marginal-hits,128,110000,0.4189675625,718
hits,128,40000,0.4919837625,44
hits,256,330000,0.3424505875,65
marginal-hits,256,170000,0.1905734625,453
free-mem,256,100000,0.2734423125,0
hits,128,110000,0.4908222,43
marginal-hits,128,730000,0.42120865,107
tail-age,256,790000,0.2734423125,0
tail-age,128,920000,0.4520975,0
marginal-hits,256,210000,0.191737375,366
free-mem,128,860000,0.4520975,0
hits,256,940000,0.3181451625,64
hits,128,460000,0.485287475,43
hits,128,820000,0.4798914125,43
marginal-hits,128,250000,0.4183779875,315
free-mem,256,220000,0.2734423125,0
free-mem,128,320000,0.4520975,0
tail-age,256,990000,0.2734423125,0
tail-age,256,280000,0.2734423125,0
free-mem,128,230000,0.4520975,0
free-mem,128,380000,0.4520975,0
tail-age,128,250000,0.4520975,0
tail-age,128,350000,0.4520975,0
free-mem,128,110000,0.4520975,0
tail-age,256,870000,0.2734423125,0
tail-age,256,250000,0.2734423125,0
free-mem,128,20000,0.4520975,0
tail-age,256,380000,0.2734423125,0
tail-age,128,980000,0.4520975,0
tail-age,128,560000,0.4520975,0
free-mem,128,330000,0.4520975,0
tail-age,128,490000,0.4520975,0
tail-age,128,620000,0.4520975,0
hits,256,700000,0.3265796625,64
free-mem,128,580000,0.4520975,0
tail-age,128,170000,0.4520975,0
tail-age,128,460000,0.4520975,0
marginal-hits,128,800000,0.421762875,97
tail-age,256,30000,0.2734423125,0
hits,128,230000,0.4885218,43
tail-age,256,930000,0.2734423125,0
free-mem,128,760000,0.4520975,0
marginal-hits,256,730000,0.2115880375,105
tail-age,128,800000,0.4520975,0
marginal-hits,128,410000,0.4191981375,192
hits,256,200000,0.344691775,64
hits,128,750000,0.48093665,43
tail-age,256,370000,0.2734423125,0
free-mem,128,460000,0.4520975,0
tail-age,128,960000,0.4520975,0
tail-age,128,370000,0.4520975,0
free-mem,256,850000,0.2734423125,0
free-mem,128,720000,0.4520975,0
free-mem,128,970000,0.4520975,0
tail-age,256,260000,0.2734423125,0
tail-age,128,120000,0.4520975,0
tail-age,128,810000,0.4520975,0
tail-age,256,130000,0.2734423125,0
free-mem,128,270000,0.4520975,0
free-mem,256,280000,0.2734423125,0
marginal-hits,128,840000,0.4220555625,93
free-mem,128,210000,0.4520975,0
marginal-hits,128,710000,0.4211813625,110
hits,256,810000,0.3226662625,64
tail-age,256,100000,0.2734423125,0
free-mem,128,590000,0.4520975,0
hits,128,80000,0.4918172125,44
marginal-hits,128,260000,0.4184514,303
marginal-hits,256,430000,0.199711,179
free-mem,256,480000,0.2734423125,0
hits,128,560000,0.4838022875,43
tail-age,256,900000,0.2734423125,0
tail-age,256,450000,0.2734423125,0
tail-age,256,340000,0.2734423125,0
tail-age,256,140000,0.2734423125,0
free-mem,256,130000,0.2734423125,0
tail-age,256,650000,0.2734423125,0
hits,128,250000,0.4882019125,43
hits,256,70000,0.3510364375,67
marginal-hits,256,870000,0.2178036875,87
tail-age,256,640000,0.2734423125,0
tail-age,128,860000,0.4520975,0
free-mem,128,800000,0.4520975,0
marginal-hits,256,120000,0.18996515,642
tail-age,128,820000,0.4520975,0
free-mem,256,450000,0.2734423125,0
free-mem,256,420000,0.2734423125,0
hits,128,200000,0.4889042,43
marginal-hits,128,440000,0.419343775,178
free-mem,256,880000,0.2734423125,0
marginal-hits,128,540000,0.4198488625,146
free-mem,128,500000,0.4520975,0
marginal-hits,128,290000,0.4186068625,271
tail-age,256,560000,0.2734423125,0
free-mem,128,530000,0.4520975,0
hits,128,550000,0.483947775,43
marginal-hits,256,460000,0.2011350375,166
marginal-hits,128,920000,0.4221988375,85
tail-age,256,850000,0.2734423125,0
tail-age,128,50000,0.4520975,0
free-mem,256,100000,0.2734423125,0
tail-age,256,570000,0.2734423125,0
hits,256,250000,0.343835175,64
hits,128,410000,0.485843125,43
hits,128,860000,0.4792836875,43
hits,128,730000,0.4812380625,43
marginal-hits,128,80000,0.4199586125,987
hits,256,170000,0.3451432625,64
free-mem,256,240000,0.2734423125,0
hits,256,640000,0.3291832125,64
marginal-hits,256,250000,0.19310755,307
free-mem,128,1000000,0.4520975,0
tail-age,256,440000,0.2734423125,0
marginal-hits,128,870000,0.4222656375,89
marginal-hits,128,160000,0.418268775,493
free-mem,256,690000,0.2734423125,0
marginal-hits,256,950000,0.220331925,81
marginal-hits,256,880000,0.218295525,86
hits,128,50000,0.4921373125,47
free-mem,256,170000,0.2734423125,0
marginal-hits,256,470000,0.2010668125,164
hits,128,710000,0.4815418375,43
free-mem,256,750000,0.2734423125,0
free-mem,128,930000,0.4520975,0
tail-age,256,150000,0.2734423125,0
free-mem,256,90000,0.2734423125,0
free-mem,128,540000,0.4520975,0
free-mem,256,720000,0.2734423125,0
hits,256,1000000,0.3156865375,64
hits,256,90000,0.35095065,67
hits,128,240000,0.488365475,43
tail-age,256,950000,0.2734423125,0
free-mem,256,600000,0.2734423125,0
tail-age,128,480000,0.4520975,0
hits,256,780000,0.324546175,65
free-mem,128,730000,0.4520975,0
marginal-hits,128,210000,0.4181423375,375
marginal-hits,256,500000,0.2024426625,153
tail-age,256,610000,0.2734423125,0
free-mem,128,650000,0.4520975,0
marginal-hits,128,650000,0.4206586875,121
tail-age,128,710000,0.4520975,0
marginal-hits,128,760000,0.4214391375,103
hits,128,480000,0.4849954875,43
hits,256,110000,0.3488356375,66
tail-age,128,530000,0.4520975,0
hits,256,150000,0.34628155,65
marginal-hits,128,670000,0.4207634125,117
marginal-hits,256,670000,0.2096445,114
free-mem,256,840000,0.2734423125,0
marginal-hits,128,590000,0.42018865,133
hits,128,720000,0.481390525,43
marginal-hits,256,490000,0.2019367,157
hits,256,560000,0.3320574,64
hits,128,870000,0.4791317625,43
marginal-hits,128,550000,0.419897525,143
disabled,128,5000,0.4520975,0
free-mem,128,600000,0.4520975,0
hits,128,570000,0.4836485375,43
marginal-hits,256,680000,0.2101120375,112
marginal-hits,128,10000,0.440547325,7889
hits,256,180000,0.344879275,64
tail-age,256,800000,0.2734423125,0
free-mem,256,380000,0.2734423125,0
marginal-hits,256,20000,0.2005116375,3824
free-mem,128,150000,0.4520975,0
hits,128,140000,0.4897996625,43
marginal-hits,256,350000,0.1968517875,219
free-mem,256,900000,0.2734423125,0
marginal-hits,256,720000,0.211014025,107
marginal-hits,256,100000,0.1901775625,770
hits,128,660000,0.4822936,43
marginal-hits,256,660000,0.2091699,116
free-mem,128,700000,0.4520975,0
marginal-hits,128,630000,0.4204673375,124
marginal-hits,256,320000,0.195433475,240
tail-age,256,760000,0.2734423125,0
marginal-hits,256,530000,0.203848675,144
hits,256,910000,0.3188313625,65
tail-age,256,220000,0.2734423125,0
marginal-hits,128,640000,0.4205043625,122
hits,128,270000,0.4878862625,43
free-mem,128,810000,0.4520975,0
hits,128,640000,0.48259505,43
hits,256,50000,0.35153765,67
tail-age,256,810000,0.2734423125,0
marginal-hits,128,230000,0.4182792625,343
hits,128,890000,0.4788429875,43
hits,256,480000,0.3365089125,65
hits,128,900000,0.4786960125,43
free-mem,256,620000,0.2734423125,0
hits,256,460000,0.3360320125,64
marginal-hits,256,910000,0.2196231875,83
marginal-hits,256,930000,0.2205231125,82
marginal-hits,128,700000,0.42098585,112
free-mem,128,440000,0.4520975,0
tail-age,256,670000,0.2734423125,0
marginal-hits,128,900000,0.422492775,86
free-mem,128,190000,0.4520975,0
tail-age,128,760000,0.4520975,0
free-mem,256,180000,0.2734423125,0
tail-age,256,200000,0.2734423125,0
marginal-hits,256,190000,0.191118575,406
free-mem,128,850000,0.4520975,0
free-mem,256,670000,0.2734423125,0
hits,128,650000,0.482443725,43
hits,256,670000,0.32788775,64
hits,256,10000,0.3528759625,67
hits,256,850000,0.320959975,64
marginal-hits,256,610000,0.206895975,126
free-mem,128,170000,0.4520975,0
marginal-hits,256,160000,0.190587425,481
tail-age,256,50000,0.2734423125,0
free-mem,256,660000,0.2734423125,0
free-mem,256,400000,0.2734423125,0
tail-age,128,270000,0.4520975,0
tail-age,128,190000,0.4520975,0
tail-age,128,330000,0.4520975,0
free-mem,256,1000000,0.2734423125,0
free-mem,256,790000,0.2734423125,0
free-mem,128,790000,0.4520975,0
marginal-hits,128,420000,0.419193025,187
hits,128,1000000,0.4776717875,43
free-mem,128,820000,0.4520975,0
free-mem,128,30000,0.4520975,0
hits,256,290000,0.3440748,65
hits,256,530000,0.3333938875,64
tail-age,128,230000,0.4520975,0
tail-age,256,750000,0.2734423125,0
marginal-hits,128,850000,0.42212825,92
hits,128,830000,0.4797475875,43
marginal-hits,256,260000,0.193338575,296
tail-age,256,270000,0.2734423125,0
free-mem,256,70000,0.2734423125,0
marginal-hits,128,560000,0.4199259875,140
tail-age,128,680000,0.4520975,0
marginal-hits,128,690000,0.4209063125,113
tail-age,128,140000,0.4520975,0
free-mem,128,470000,0.4520975,0
tail-age,128,410000,0.4520975,0
hits,128,330000,0.4870900375,43
tail-age,256,770000,0.2734423125,0
free-mem,256,810000,0.2734423125,0
marginal-hits,256,270000,0.193750175,285
tail-age,128,180000,0.4520975,0
marginal-hits,128,100000,0.4193011875,789
hits,128,540000,0.48409595,43
free-mem,256,530000,0.2734423125,0
marginal-hits,256,390000,0.1982782875,197
marginal-hits,128,90000,0.4199341375,877
optimal,128,0,0.4167306625,0
optimal,256,0,0.190461575,0
