trace_name,number_of_requests,wsr,slab_size,slab_cnt,mhMinDiff,rebalance_strategy,allocator,tag,throughput,rebalanced_slabs,miss_ratio,n_rebalanced_slabs,monitor_interval,n_alloc_failures,uuid,base_dir,miss_ratio_reduction_from_disabled,miss_ratio_reduction_from_lru_disabled,tuned_improvement
meta_202210_kv,1482478166,0.004,4,88,50,marginal-hits-tuned,LRU,,1003563.1066103629,27919,0.08824646122983777,27919,50000,0,meta_202210_kv-b2f49f81ad5cbd468726fa3c040f6b32,/nfs/hongshu/thesis-playground/paper-exp/efficiency/work_dir_meta_fixed_thresh,,,
meta_202210_kv,1482478166,0.004,4,88,5,marginal-hits-tuned,LRU,,1191166.8172311918,29623,0.09000733977757619,29623,50000,0,meta_202210_kv-c7d96de79460b103dc2a613fa6a57727,/nfs/hongshu/thesis-playground/paper-exp/efficiency/work_dir_meta_fixed_thresh,,,
meta_202210_kv,1482478166,0.004,4,88,500,marginal-hits-tuned,LRU,,1078447.7193284673,26,0.10319383617822538,26,50000,0,meta_202210_kv-9c9d698514bc9a80b15a8c80a091c565,/nfs/hongshu/thesis-playground/paper-exp/efficiency/work_dir_meta_fixed_thresh,,,
meta_202210_kv,1482478166,0.004,4,88,100,marginal-hits-tuned,LRU,,1220973.3704164089,321,0.08279228646663252,321,50000,0,meta_202210_kv-13491a7e32d0fece01f58e8e1526e54b,/nfs/hongshu/thesis-playground/paper-exp/efficiency/work_dir_meta_fixed_thresh,,,
meta_202210_kv,1482478166,0.004,4,88,200,marginal-hits-tuned,LRU,,1077637.2672554613,36,0.09092087228757202,36,50000,0,meta_202210_kv-a5394a572d1d8caf48768c17373fa31e,/nfs/hongshu/thesis-playground/paper-exp/efficiency/work_dir_meta_fixed_thresh,,,
meta_202210_kv,1482478166,0.004,4,88,2,marginal-hits-tuned,LRU,,1201985.033976982,29624,0.09031049904852359,29624,50000,0,meta_202210_kv-850c0ec0c6b6e384afdb59f92c33763c,/nfs/hongshu/thesis-playground/paper-exp/efficiency/work_dir_meta_fixed_thresh,,,
meta_202210_kv,1482478166,0.004,4,88,10,marginal-hits-tuned,LRU,,991815.0596661144,29614,0.09012627913469047,29614,50000,0,meta_202210_kv-4381e4ce98481aac566b3bef55e2e2aa,/nfs/hongshu/thesis-playground/paper-exp/efficiency/work_dir_meta_fixed_thresh,,,
meta_202210_kv,1482478166,0.004,4,88,20,marginal-hits-tuned,LRU,,1166224.5481779717,29580,0.0905645722677038,29580,50000,0,meta_202210_kv-d1a42001a1e597eb924cd55346e593b0,/nfs/hongshu/thesis-playground/paper-exp/efficiency/work_dir_meta_fixed_thresh,,,
meta_202210_kv,1482478166,0.004,4,88,1000,marginal-hits-tuned,LRU,,947076.4683626152,22,0.10941503404239682,22,50000,0,meta_202210_kv-e3b2d5b81d35859439be6ecd3becb0b9,/nfs/hongshu/thesis-playground/paper-exp/efficiency/work_dir_meta_fixed_thresh,,,
meta_202210_kv,1482478166,0.004,4,88,2,marginal-hits-tuned,LRU2Q,cold,1138501.5041745743,16578,0.094704065273903,16578,50000,0,meta_202210_kv-1617e390f80f4867c3afce026b45e40e,/nfs/hongshu/thesis-playground/paper-exp/efficiency/work_dir_meta_fixed_thresh,,,
meta_202210_kv,1482478166,0.004,4,88,50,marginal-hits-tuned,LRU2Q,cold,1235603.4418317848,35,0.07549930081061308,35,50000,0,meta_202210_kv-70e263eca92ef866a794f0cc6dadd901,/nfs/hongshu/thesis-playground/paper-exp/efficiency/work_dir_meta_fixed_thresh,,,
meta_202210_kv,1482478166,0.004,4,88,1000,marginal-hits-tuned,LRU2Q,cold,1118741.175041718,0,0.11958399257800603,0,50000,0,meta_202210_kv-49abf10cc35e20bb17d95868f21e08fd,/nfs/hongshu/thesis-playground/paper-exp/efficiency/work_dir_meta_fixed_thresh,,,
meta_202210_kv,1482478166,0.004,4,88,20,marginal-hits-tuned,LRU2Q,cold,933206.9003605153,167,0.0723666529871847,167,50000,0,meta_202210_kv-7b946f6c57aa412e0fb448942e737b07,/nfs/hongshu/thesis-playground/paper-exp/efficiency/work_dir_meta_fixed_thresh,,,
meta_202210_kv,1482478166,0.004,4,88,2,marginal-hits-tuned,LRU2Q,cold,1209424.7970725375,16578,0.094704065273903,16578,50000,0,meta_202210_kv-37cf44adde7eeb12af4fe49aa91c9512,/nfs/hongshu/thesis-playground/paper-exp/efficiency/work_dir_meta_fixed_thresh,,,
meta_202210_kv,1482478166,0.004,4,88,50,marginal-hits-tuned,LRU2Q,cold,1131580.332673464,35,0.07549930081061308,35,50000,0,meta_202210_kv-c3ef0e6e6a69aa5b112d6d114d3f5ced,/nfs/hongshu/thesis-playground/paper-exp/efficiency/work_dir_meta_fixed_thresh,,,
meta_202210_kv,1482478166,0.004,4,88,500,marginal-hits-tuned,LRU2Q,cold,1076084.4315949702,1,0.11456741144341413,1,50000,0,meta_202210_kv-c1c14b1db57fb1d6d810165cc3a9fedf,/nfs/hongshu/thesis-playground/paper-exp/efficiency/work_dir_meta_fixed_thresh,,,
meta_202210_kv,1482478166,0.004,4,88,1000,marginal-hits-tuned,LRU2Q,cold,1151925.35791411,0,0.11958399257800603,0,50000,0,meta_202210_kv-ee4cfdfb419d9fd69a9f584f4f1275be,/nfs/hongshu/thesis-playground/paper-exp/efficiency/work_dir_meta_fixed_thresh,,,
meta_202210_kv,1482478166,0.004,4,88,20,marginal-hits-tuned,LRU2Q,cold,930960.3773625072,167,0.0723666529871847,167,50000,0,meta_202210_kv-74878cdc4cbe1d764214f7afe36fdd50,/nfs/hongshu/thesis-playground/paper-exp/efficiency/work_dir_meta_fixed_thresh,,,
meta_202210_kv,1482478166,0.004,4,88,10,marginal-hits-tuned,LRU2Q,cold,994229.138085244,3117,0.08397794912279335,3117,50000,0,meta_202210_kv-5166643296093054f6508d60e849f978,/nfs/hongshu/thesis-playground/paper-exp/efficiency/work_dir_meta_fixed_thresh,,,
meta_202210_kv,1482478166,0.004,4,88,100,marginal-hits-tuned,LRU2Q,cold,1037830.3412170976,18,0.08555449173475382,18,50000,0,meta_202210_kv-3095993cd4e11f9d6a9e8577861f3e8a,/nfs/hongshu/thesis-playground/paper-exp/efficiency/work_dir_meta_fixed_thresh,,,
meta_202210_kv,1482478166,0.004,4,88,5,marginal-hits-tuned,LRU2Q,cold,1134841.3697933122,9218,0.09130188025986752,9218,50000,0,meta_202210_kv-640a06a95567f64cb13dd7e87ba84b16,/nfs/hongshu/thesis-playground/paper-exp/efficiency/work_dir_meta_fixed_thresh,,,
meta_202210_kv,1482478166,0.004,4,88,500,marginal-hits-tuned,LRU2Q,cold,1142806.4592271002,1,0.11456741144341413,1,50000,0,meta_202210_kv-2e44a7868f5b19ccacbae099cab3714f,/nfs/hongshu/thesis-playground/paper-exp/efficiency/work_dir_meta_fixed_thresh,,,
meta_202210_kv,1482478166,0.004,4,88,100,marginal-hits-tuned,LRU2Q,cold,1254942.1398493983,18,0.08555449173475382,18,50000,0,meta_202210_kv-cd5987a984a7dce3a7f98bc3739f2793,/nfs/hongshu/thesis-playground/paper-exp/efficiency/work_dir_meta_fixed_thresh,,,
meta_202210_kv,1482478166,0.004,4,88,200,marginal-hits-tuned,LRU2Q,cold,1227448.8766193679,8,0.09660438533568258,8,50000,0,meta_202210_kv-12e70faa6513aa71e09829098b883081,/nfs/hongshu/thesis-playground/paper-exp/efficiency/work_dir_meta_fixed_thresh,,,
meta_202210_kv,1482478166,0.004,4,88,10,marginal-hits-tuned,LRU2Q,cold,1100602.6508207966,3117,0.08397794912279335,3117,50000,0,meta_202210_kv-65da5b43814dc436c767ff971a562829,/nfs/hongshu/thesis-playground/paper-exp/efficiency/work_dir_meta_fixed_thresh,,,
meta_202210_kv,1482478166,0.004,4,88,200,marginal-hits-tuned,LRU2Q,cold,1127408.3608729409,8,0.09660438533568258,8,50000,0,meta_202210_kv-7c99618fd0d7770b79f4b4040e489c63,/nfs/hongshu/thesis-playground/paper-exp/efficiency/work_dir_meta_fixed_thresh,,,
meta_202210_kv,1482478166,0.004,4,88,5,marginal-hits-tuned,LRU2Q,cold,1177303.121859353,9218,0.09130188025986752,9218,50000,0,meta_202210_kv-14900e805da1a90ebdd1eb0d0e2bcf65,/nfs/hongshu/thesis-playground/paper-exp/efficiency/work_dir_meta_fixed_thresh,,,
meta_202210_kv,1482478166,0.004,4,88,100,marginal-hits-tuned,TINYLFU,,880466.022103678,451,0.08221625842144106,451,50000,0,meta_202210_kv-35899d2cd198e905d219badb66bab982,/nfs/hongshu/thesis-playground/paper-exp/efficiency/work_dir_meta_fixed_thresh,,,
meta_202210_kv,1482478166,0.004,4,88,200,marginal-hits-tuned,TINYLFU,,1002077.3791320503,37,0.09001926642877787,37,50000,0,meta_202210_kv-a156fb43c9ec33922ec0a227073ccbb7,/nfs/hongshu/thesis-playground/paper-exp/efficiency/work_dir_meta_fixed_thresh,,,
meta_202210_kv,1482478166,0.004,4,88,50,marginal-hits-tuned,TINYLFU,,1155509.7175310764,27849,0.08762408106859093,27849,50000,0,meta_202210_kv-12e5797fe3cc3a3c3b0c5de68eb1fa01,/nfs/hongshu/thesis-playground/paper-exp/efficiency/work_dir_meta_fixed_thresh,,,
meta_202210_kv,1482478166,0.004,4,88,500,marginal-hits-tuned,TINYLFU,,983271.4985659197,26,0.1026851433574503,26,50000,0,meta_202210_kv-f2d0b198681216e4e75344cad76e27e3,/nfs/hongshu/thesis-playground/paper-exp/efficiency/work_dir_meta_fixed_thresh,,,
meta_202210_kv,1482478166,0.004,4,88,20,marginal-hits-tuned,TINYLFU,,1085263.408641821,29583,0.08989148512019299,29583,50000,0,meta_202210_kv-4ae11d84ad2baedcea23c821abc3e028,/nfs/hongshu/thesis-playground/paper-exp/efficiency/work_dir_meta_fixed_thresh,,,
meta_202210_kv,1482478166,0.004,4,88,10,marginal-hits-tuned,TINYLFU,,967079.2308226406,29611,0.0896443280231083,29611,50000,0,meta_202210_kv-284bb1a782a58506bba3f78414abb379,/nfs/hongshu/thesis-playground/paper-exp/efficiency/work_dir_meta_fixed_thresh,,,
meta_202210_kv,1482478166,0.004,4,88,1000,marginal-hits-tuned,TINYLFU,,969844.2844512068,22,0.10935748445957214,22,50000,0,meta_202210_kv-4559c6cfd2e7ab4fd95029c72a15a106,/nfs/hongshu/thesis-playground/paper-exp/efficiency/work_dir_meta_fixed_thresh,,,
meta_202210_kv,1482478166,0.004,4,88,2,marginal-hits-tuned,TINYLFU,,934498.3415369141,29624,0.09003811122571366,29624,50000,0,meta_202210_kv-0d11a649c51673a6b7ecb53e0e3c8495,/nfs/hongshu/thesis-playground/paper-exp/efficiency/work_dir_meta_fixed_thresh,,,
meta_202210_kv,1482478166,0.004,4,88,5,marginal-hits-tuned,TINYLFU,,977572.736222098,29623,0.09009963793288002,29623,50000,0,meta_202210_kv-452fa135851a214d3592934296be489b,/nfs/hongshu/thesis-playground/paper-exp/efficiency/work_dir_meta_fixed_thresh,,,
meta_202210_kv,1482478166,0.01,4,220,20,marginal-hits-tuned,LRU,,1129371.1981919098,301,0.05748005330150677,301,50000,0,meta_202210_kv-14f9be379f18c1cae7e3dfad337fb885,/nfs/hongshu/thesis-playground/paper-exp/efficiency/work_dir_meta_fixed_thresh,,,
meta_202210_kv,1482478166,0.01,4,220,200,marginal-hits-tuned,LRU,,1236001.4620756186,9,0.09110254444044204,9,50000,0,meta_202210_kv-6b4459cf2a127c1cc21965e1d2479155,/nfs/hongshu/thesis-playground/paper-exp/efficiency/work_dir_meta_fixed_thresh,,,
meta_202210_kv,1482478166,0.01,4,220,10,marginal-hits-tuned,LRU,,1036866.9262556066,15597,0.05892884495946094,15597,50000,0,meta_202210_kv-13913b9ead3ef9df236c87adc0349dcf,/nfs/hongshu/thesis-playground/paper-exp/efficiency/work_dir_meta_fixed_thresh,,,
meta_202210_kv,1482478166,0.01,4,220,100,marginal-hits-tuned,LRU,,1249124.0129941453,20,0.08119478233178916,20,50000,0,meta_202210_kv-37d9bf32b772887e643af7425c74461a,/nfs/hongshu/thesis-playground/paper-exp/efficiency/work_dir_meta_fixed_thresh,,,
meta_202210_kv,1482478166,0.01,4,220,50,marginal-hits-tuned,LRU,,1260623.374371677,38,0.07224145046868771,38,50000,0,meta_202210_kv-668f1b3d381a780a8f430429eec4cc50,/nfs/hongshu/thesis-playground/paper-exp/efficiency/work_dir_meta_fixed_thresh,,,
meta_202210_kv,1482478166,0.01,4,220,2,marginal-hits-tuned,LRU,,1157496.8061583156,29308,0.06321473472547588,29308,50000,0,meta_202210_kv-52d4ba7446c4db6a450f4b64db006ade,/nfs/hongshu/thesis-playground/paper-exp/efficiency/work_dir_meta_fixed_thresh,,,
meta_202210_kv,1482478166,0.01,4,220,5,marginal-hits-tuned,LRU,,1049542.6393906143,28456,0.06331362049888026,28456,50000,0,meta_202210_kv-d01043a8d177817881c5b5c2cfbb05c3,/nfs/hongshu/thesis-playground/paper-exp/efficiency/work_dir_meta_fixed_thresh,,,
meta_202210_kv,1482478166,0.01,4,220,500,marginal-hits-tuned,LRU,,1208070.3484968925,3,0.09844248862954248,3,50000,0,meta_202210_kv-bb8fa6933a8fdb7bd7677bf3b93e1b7d,/nfs/hongshu/thesis-playground/paper-exp/efficiency/work_dir_meta_fixed_thresh,,,
meta_202210_kv,1482478166,0.01,4,220,1000,marginal-hits-tuned,LRU,,1041241.6799906879,3,0.09844310179203003,3,50000,0,meta_202210_kv-edbdb4675ee71c7102e8c11e8f760c20,/nfs/hongshu/thesis-playground/paper-exp/efficiency/work_dir_meta_fixed_thresh,,,
meta_202210_kv,1482478166,0.01,4,220,5,marginal-hits-tuned,LRU2Q,cold,1030669.1518499312,10359,0.06259443351558946,10359,50000,0,meta_202210_kv-3626fa6289f85a822354bf1e9a07c832,/nfs/hongshu/thesis-playground/paper-exp/efficiency/work_dir_meta_fixed_thresh,,,
meta_202210_kv,1482478166,0.01,4,220,500,marginal-hits-tuned,LRU2Q,cold,1139993.4794843928,0,0.09369443758809463,0,50000,0,meta_202210_kv-7fb904d00db806aee5f4393720b51653,/nfs/hongshu/thesis-playground/paper-exp/efficiency/work_dir_meta_fixed_thresh,,,
meta_202210_kv,1482478166,0.01,4,220,10,marginal-hits-tuned,LRU2Q,cold,905371.0831207661,274,0.05169607874008986,274,50000,0,meta_202210_kv-4b44138582a9222c61e7b5676307626b,/nfs/hongshu/thesis-playground/paper-exp/efficiency/work_dir_meta_fixed_thresh,,,
meta_202210_kv,1482478166,0.01,4,220,200,marginal-hits-tuned,LRU2Q,cold,1153272.610376962,0,0.09369443758809463,0,50000,0,meta_202210_kv-49bd3b50b3ce575b521f312deb67d688,/nfs/hongshu/thesis-playground/paper-exp/efficiency/work_dir_meta_fixed_thresh,,,
meta_202210_kv,1482478166,0.01,4,220,5,marginal-hits-tuned,LRU2Q,cold,1118040.9641626615,10359,0.06259443351558946,10359,50000,0,meta_202210_kv-13894fbf6162c8785bddd55f59fa2bab,/nfs/hongshu/thesis-playground/paper-exp/efficiency/work_dir_meta_fixed_thresh,,,
meta_202210_kv,1482478166,0.01,4,220,20,marginal-hits-tuned,LRU2Q,cold,998247.7327151968,81,0.0585935300715923,81,50000,0,meta_202210_kv-9dfe092f8d521d21f9c0ab44a0f58420,/nfs/hongshu/thesis-playground/paper-exp/efficiency/work_dir_meta_fixed_thresh,,,
meta_202210_kv,1482478166,0.01,4,220,1000,marginal-hits-tuned,LRU2Q,cold,1174084.924380829,0,0.09369443758809463,0,50000,0,meta_202210_kv-31c7d83f969760f8452dabde99ba53ed,/nfs/hongshu/thesis-playground/paper-exp/efficiency/work_dir_meta_fixed_thresh,,,
meta_202210_kv,1482478166,0.01,4,220,200,marginal-hits-tuned,LRU2Q,cold,1101169.4493361532,0,0.09369443758809463,0,50000,0,meta_202210_kv-08637d4e29b4633115bf85c50763f71f,/nfs/hongshu/thesis-playground/paper-exp/efficiency/work_dir_meta_fixed_thresh,,,
meta_202210_kv,1482478166,0.01,4,220,50,marginal-hits-tuned,LRU2Q,cold,1263030.9763851834,27,0.07176268523876526,27,50000,0,meta_202210_kv-2df384ab5792e34865a02c5debcf80ea,/nfs/hongshu/thesis-playground/paper-exp/efficiency/work_dir_meta_fixed_thresh,,,
meta_202210_kv,1482478166,0.01,4,220,20,marginal-hits-tuned,LRU2Q,cold,1017675.3771309045,81,0.0585935300715923,81,50000,0,meta_202210_kv-4c16a7f7cfe872e9dd7ec78c4ea715a6,/nfs/hongshu/thesis-playground/paper-exp/efficiency/work_dir_meta_fixed_thresh,,,
meta_202210_kv,1482478166,0.01,4,220,100,marginal-hits-tuned,LRU2Q,cold,1195943.4995564416,11,0.08124020087591631,11,50000,0,meta_202210_kv-386aca859b4e7c08f59525216c066bd1,/nfs/hongshu/thesis-playground/paper-exp/efficiency/work_dir_meta_fixed_thresh,,,
meta_202210_kv,1482478166,0.01,4,220,10,marginal-hits-tuned,LRU2Q,cold,1060748.9550611854,274,0.05169607874008986,274,50000,0,meta_202210_kv-01303533c3c40db5dbfbdd671739481c,/nfs/hongshu/thesis-playground/paper-exp/efficiency/work_dir_meta_fixed_thresh,,,
meta_202210_kv,1482478166,0.01,4,220,2,marginal-hits-tuned,LRU2Q,cold,1044005.2711104809,24383,0.0656258838958172,24383,50000,0,meta_202210_kv-79f37009675ff12358882b9a19acd9cd,/nfs/hongshu/thesis-playground/paper-exp/efficiency/work_dir_meta_fixed_thresh,,,
meta_202210_kv,1482478166,0.01,4,220,500,marginal-hits-tuned,LRU2Q,cold,1274900.394124158,0,0.09369443758809463,0,50000,0,meta_202210_kv-f001f3e53d1b9bceca9243402140c785,/nfs/hongshu/thesis-playground/paper-exp/efficiency/work_dir_meta_fixed_thresh,,,
meta_202210_kv,1482478166,0.01,4,220,2,marginal-hits-tuned,LRU2Q,cold,1036448.2134196488,24383,0.0656258838958172,24383,50000,0,meta_202210_kv-15e438dceb2b857490f998b34830b175,/nfs/hongshu/thesis-playground/paper-exp/efficiency/work_dir_meta_fixed_thresh,,,
meta_202210_kv,1482478166,0.01,4,220,100,marginal-hits-tuned,LRU2Q,cold,1082900.8667618094,11,0.08124020087591631,11,50000,0,meta_202210_kv-8948b7d0bbd9068f65916da33587740d,/nfs/hongshu/thesis-playground/paper-exp/efficiency/work_dir_meta_fixed_thresh,,,
meta_202210_kv,1482478166,0.01,4,220,1000,marginal-hits-tuned,LRU2Q,cold,1109084.7801640476,0,0.09369443758809463,0,50000,0,meta_202210_kv-03cd8cf264dfa9739bc503c5b48b9093,/nfs/hongshu/thesis-playground/paper-exp/efficiency/work_dir_meta_fixed_thresh,,,
meta_202210_kv,1482478166,0.01,4,220,50,marginal-hits-tuned,LRU2Q,cold,1205805.074472932,27,0.07176268523876526,27,50000,0,meta_202210_kv-4369b3d9988350b07b9efe57056900b9,/nfs/hongshu/thesis-playground/paper-exp/efficiency/work_dir_meta_fixed_thresh,,,
meta_202210_kv,1482478166,0.01,4,220,5,marginal-hits-tuned,TINYLFU,,936109.543639752,27905,0.0632293116686617,27905,50000,0,meta_202210_kv-0ac8bd33785d0dbd2466810db902dfa7,/nfs/hongshu/thesis-playground/paper-exp/efficiency/work_dir_meta_fixed_thresh,,,
meta_202210_kv,1482478166,0.01,4,220,500,marginal-hits-tuned,TINYLFU,,977545.7792597292,4,0.09845554649470635,4,50000,0,meta_202210_kv-57a2510dfe40acc1ed558b6091c5896e,/nfs/hongshu/thesis-playground/paper-exp/efficiency/work_dir_meta_fixed_thresh,,,
meta_202210_kv,1482478166,0.01,4,220,100,marginal-hits-tuned,TINYLFU,,1022497.6913227551,21,0.08047037098824969,21,50000,0,meta_202210_kv-19200da6db307606fbe03d49430a5d73,/nfs/hongshu/thesis-playground/paper-exp/efficiency/work_dir_meta_fixed_thresh,,,
meta_202210_kv,1482478166,0.01,4,220,20,marginal-hits-tuned,TINYLFU,,927046.6899987082,280,0.0571934021994898,280,50000,0,meta_202210_kv-c84e38f0ead5cd92a489d12ede98604a,/nfs/hongshu/thesis-playground/paper-exp/efficiency/work_dir_meta_fixed_thresh,,,
meta_202210_kv,1482478166,0.01,4,220,2,marginal-hits-tuned,TINYLFU,,901211.2382836215,29309,0.06362745243966042,29309,50000,0,meta_202210_kv-98c0b50a86160245f363fcd360e63225,/nfs/hongshu/thesis-playground/paper-exp/efficiency/work_dir_meta_fixed_thresh,,,
meta_202210_kv,1482478166,0.01,4,220,1000,marginal-hits-tuned,TINYLFU,,928396.6567360016,3,0.09861021926173852,3,50000,0,meta_202210_kv-9b9329e885791647b489afb43675ba47,/nfs/hongshu/thesis-playground/paper-exp/efficiency/work_dir_meta_fixed_thresh,,,
meta_202210_kv,1482478166,0.01,4,220,10,marginal-hits-tuned,TINYLFU,,1002727.8606186572,15200,0.058748176531323026,15200,50000,0,meta_202210_kv-5d3ff4d560bb59b030874d5259d87217,/nfs/hongshu/thesis-playground/paper-exp/efficiency/work_dir_meta_fixed_thresh,,,
meta_202210_kv,1482478166,0.01,4,220,200,marginal-hits-tuned,TINYLFU,,1090279.9447315678,9,0.09070542897965352,9,50000,0,meta_202210_kv-3f75a4ddcf59e5d8f8c903275bbebcdb,/nfs/hongshu/thesis-playground/paper-exp/efficiency/work_dir_meta_fixed_thresh,,,
meta_202210_kv,1482478166,0.01,4,220,50,marginal-hits-tuned,TINYLFU,,1024528.4374641429,38,0.07213734168412704,38,50000,0,meta_202210_kv-c34d886e06a56978ee456ae2f86947b7,/nfs/hongshu/thesis-playground/paper-exp/efficiency/work_dir_meta_fixed_thresh,,,
meta_202210_kv,1482478166,0.02,4,439,1000,marginal-hits-tuned,LRU,,1162877.0542045166,0,0.08138833459217368,0,50000,0,meta_202210_kv-196660aab1a86f1abe2968f4143f35d5,/nfs/hongshu/thesis-playground/paper-exp/efficiency/work_dir_meta_fixed_thresh,,,
meta_202210_kv,1482478166,0.02,4,439,500,marginal-hits-tuned,LRU,,1169837.2528996784,0,0.08138833459217368,0,50000,0,meta_202210_kv-ed812ec05c6939b41483cc37177b0625,/nfs/hongshu/thesis-playground/paper-exp/efficiency/work_dir_meta_fixed_thresh,,,
meta_202210_kv,1482478166,0.02,4,439,10,marginal-hits-tuned,LRU,,1072785.443493368,293,0.04401185629333579,293,50000,0,meta_202210_kv-e06e7e8e2114965bc450579ee7ace968,/nfs/hongshu/thesis-playground/paper-exp/efficiency/work_dir_meta_fixed_thresh,,,
meta_202210_kv,1482478166,0.02,4,439,200,marginal-hits-tuned,LRU,,1167188.92801533,0,0.08138833459217368,0,50000,0,meta_202210_kv-cb9a3de331d73d4cb51567810c102994,/nfs/hongshu/thesis-playground/paper-exp/efficiency/work_dir_meta_fixed_thresh,,,
meta_202210_kv,1482478166,0.02,4,439,50,marginal-hits-tuned,LRU,,1173586.2782447413,20,0.07063836581320686,20,50000,0,meta_202210_kv-98dd45b8f724b7f365006e199ae5f409,/nfs/hongshu/thesis-playground/paper-exp/efficiency/work_dir_meta_fixed_thresh,,,
meta_202210_kv,1482478166,0.02,4,439,100,marginal-hits-tuned,LRU,,1199071.932042737,2,0.07976156257265242,2,50000,0,meta_202210_kv-9eed38256592d0b55c7a8339b4053191,/nfs/hongshu/thesis-playground/paper-exp/efficiency/work_dir_meta_fixed_thresh,,,
meta_202210_kv,1482478166,0.02,4,439,2,marginal-hits-tuned,LRU,,1164319.113408253,24116,0.047457896927974044,24116,50000,0,meta_202210_kv-52f164c4e4f8fe7a5c082f8ef8aa798a,/nfs/hongshu/thesis-playground/paper-exp/efficiency/work_dir_meta_fixed_thresh,,,
meta_202210_kv,1482478166,0.02,4,439,20,marginal-hits-tuned,LRU,,1181025.642654594,108,0.05617371163360527,108,50000,0,meta_202210_kv-f67fc19e1ec62f965de86a1266aa39f5,/nfs/hongshu/thesis-playground/paper-exp/efficiency/work_dir_meta_fixed_thresh,,,
meta_202210_kv,1482478166,0.02,4,439,5,marginal-hits-tuned,LRU,,1039492.467637245,9693,0.04307797070112127,9693,50000,0,meta_202210_kv-02c375a63631c6a4669183a80eaccfcf,/nfs/hongshu/thesis-playground/paper-exp/efficiency/work_dir_meta_fixed_thresh,,,
meta_202210_kv,1482478166,0.02,4,439,200,marginal-hits-tuned,LRU2Q,cold,1178889.4165535844,0,0.07697343719259876,0,50000,0,meta_202210_kv-c270a187831c91c6cc8efee78743e9ff,/nfs/hongshu/thesis-playground/paper-exp/efficiency/work_dir_meta_fixed_thresh,,,
meta_202210_kv,1482478166,0.02,4,439,1000,marginal-hits-tuned,LRU2Q,cold,974547.1295217451,0,0.07697343719259876,0,50000,0,meta_202210_kv-27b9b4437d57e85765f49ddb4923201d,/nfs/hongshu/thesis-playground/paper-exp/efficiency/work_dir_meta_fixed_thresh,,,
meta_202210_kv,1482478166,0.02,4,439,20,marginal-hits-tuned,LRU2Q,cold,1066231.3667048567,62,0.05731771431701477,62,50000,0,meta_202210_kv-210a491d85c7accbeee237e91e36d440,/nfs/hongshu/thesis-playground/paper-exp/efficiency/work_dir_meta_fixed_thresh,,,
meta_202210_kv,1482478166,0.02,4,439,100,marginal-hits-tuned,LRU2Q,cold,1194143.219461736,1,0.07628352551399398,1,50000,0,meta_202210_kv-3187f418164bc72d3578db299014108f,/nfs/hongshu/thesis-playground/paper-exp/efficiency/work_dir_meta_fixed_thresh,,,
meta_202210_kv,1482478166,0.02,4,439,200,marginal-hits-tuned,LRU2Q,cold,1153434.4350216412,0,0.07697343719259876,0,50000,0,meta_202210_kv-406dbed6074f670a51ffc09334c8122e,/nfs/hongshu/thesis-playground/paper-exp/efficiency/work_dir_meta_fixed_thresh,,,
meta_202210_kv,1482478166,0.02,4,439,5,marginal-hits-tuned,LRU2Q,cold,962997.7085640958,1444,0.041515250889705174,1444,50000,0,meta_202210_kv-9099396a6f4245af1e1ae14fb7d793c5,/nfs/hongshu/thesis-playground/paper-exp/efficiency/work_dir_meta_fixed_thresh,,,
meta_202210_kv,1482478166,0.02,4,439,5,marginal-hits-tuned,LRU2Q,cold,971152.6133493342,1444,0.041515250889705174,1444,50000,0,meta_202210_kv-183b7194e081decc47fd67f20cf5fa7f,/nfs/hongshu/thesis-playground/paper-exp/efficiency/work_dir_meta_fixed_thresh,,,
meta_202210_kv,1482478166,0.02,4,439,2,marginal-hits-tuned,LRU2Q,cold,973913.698452023,12076,0.047169377333008224,12076,50000,0,meta_202210_kv-ca069a784be1954d95970c6329d47d59,/nfs/hongshu/thesis-playground/paper-exp/efficiency/work_dir_meta_fixed_thresh,,,
meta_202210_kv,1482478166,0.02,4,439,10,marginal-hits-tuned,LRU2Q,cold,1046149.9051864211,199,0.046618826897447875,199,50000,0,meta_202210_kv-c81a941956f952e620cbd12be54d9f98,/nfs/hongshu/thesis-playground/paper-exp/efficiency/work_dir_meta_fixed_thresh,,,
meta_202210_kv,1482478166,0.02,4,439,50,marginal-hits-tuned,LRU2Q,cold,1046150.8205122466,14,0.06929659495571958,14,50000,0,meta_202210_kv-70681229e3f46a94e430b51ccc845742,/nfs/hongshu/thesis-playground/paper-exp/efficiency/work_dir_meta_fixed_thresh,,,
meta_202210_kv,1482478166,0.02,4,439,20,marginal-hits-tuned,LRU2Q,cold,1144429.3475650086,62,0.05731771431701477,62,50000,0,meta_202210_kv-190336ba6ec4eb924b81c8f075356813,/nfs/hongshu/thesis-playground/paper-exp/efficiency/work_dir_meta_fixed_thresh,,,
meta_202210_kv,1482478166,0.02,4,439,500,marginal-hits-tuned,LRU2Q,cold,1280431.0211596556,0,0.07697343719259876,0,50000,0,meta_202210_kv-d5f953992b49fd65eee7072925419b52,/nfs/hongshu/thesis-playground/paper-exp/efficiency/work_dir_meta_fixed_thresh,,,
meta_202210_kv,1482478166,0.02,4,439,50,marginal-hits-tuned,LRU2Q,cold,1226590.5890769486,14,0.06929659495571958,14,50000,0,meta_202210_kv-68369f00d1fa5dd0058466c486dae250,/nfs/hongshu/thesis-playground/paper-exp/efficiency/work_dir_meta_fixed_thresh,,,
meta_202210_kv,1482478166,0.02,4,439,2,marginal-hits-tuned,LRU2Q,cold,917811.1274453518,12076,0.047169377333008224,12076,50000,0,meta_202210_kv-7b496041bc054128e7539f6d7011762e,/nfs/hongshu/thesis-playground/paper-exp/efficiency/work_dir_meta_fixed_thresh,,,
meta_202210_kv,1482478166,0.02,4,439,1000,marginal-hits-tuned,LRU2Q,cold,1155791.4071514432,0,0.07697343719259876,0,50000,0,meta_202210_kv-7eac0f774c771b1083f6c54f96b28b64,/nfs/hongshu/thesis-playground/paper-exp/efficiency/work_dir_meta_fixed_thresh,,,
meta_202210_kv,1482478166,0.02,4,439,100,marginal-hits-tuned,LRU2Q,cold,981273.870748279,1,0.07628352551399398,1,50000,0,meta_202210_kv-e628be0fe9199a7a9d8a0f103a64eada,/nfs/hongshu/thesis-playground/paper-exp/efficiency/work_dir_meta_fixed_thresh,,,
meta_202210_kv,1482478166,0.02,4,439,500,marginal-hits-tuned,LRU2Q,cold,1133989.1238484213,0,0.07697343719259876,0,50000,0,meta_202210_kv-0db1c126c9237c7c947de13fe538de04,/nfs/hongshu/thesis-playground/paper-exp/efficiency/work_dir_meta_fixed_thresh,,,
meta_202210_kv,1482478166,0.02,4,439,10,marginal-hits-tuned,LRU2Q,cold,876575.2829143319,199,0.046618826897447875,199,50000,0,meta_202210_kv-16560abd9459b29d9cb700c26d1a281b,/nfs/hongshu/thesis-playground/paper-exp/efficiency/work_dir_meta_fixed_thresh,,,
meta_202210_kv,1482478166,0.02,4,439,50,marginal-hits-tuned,TINYLFU,,1048263.259853723,20,0.0709009302198384,20,50000,0,meta_202210_kv-c040dd09cca5c9705dfe9ace86b78af0,/nfs/hongshu/thesis-playground/paper-exp/efficiency/work_dir_meta_fixed_thresh,,,
meta_202210_kv,1482478166,0.02,4,439,5,marginal-hits-tuned,TINYLFU,,820461.3863585922,10117,0.04339747827355186,10117,50000,0,meta_202210_kv-9cfa10b4a31d8740d461d15e8e57e97f,/nfs/hongshu/thesis-playground/paper-exp/efficiency/work_dir_meta_fixed_thresh,,,
meta_202210_kv,1482478166,0.02,4,439,500,marginal-hits-tuned,TINYLFU,,901061.693132024,0,0.08158848998522114,0,50000,0,meta_202210_kv-3715e13bc9d1d6a64ac94e3c4d2e1218,/nfs/hongshu/thesis-playground/paper-exp/efficiency/work_dir_meta_fixed_thresh,,,
meta_202210_kv,1482478166,0.02,4,439,20,marginal-hits-tuned,TINYLFU,,1260165.2198482393,111,0.05610514131511331,111,50000,0,meta_202210_kv-fa55df0e743dbe2d939556a31948e47f,/nfs/hongshu/thesis-playground/paper-exp/efficiency/work_dir_meta_fixed_thresh,,,
meta_202210_kv,1482478166,0.02,4,439,100,marginal-hits-tuned,TINYLFU,,1251432.1938009958,3,0.07907242797125957,3,50000,0,meta_202210_kv-971a3214fd7f6ce76a590d69b652950f,/nfs/hongshu/thesis-playground/paper-exp/efficiency/work_dir_meta_fixed_thresh,,,
meta_202210_kv,1482478166,0.02,4,439,200,marginal-hits-tuned,TINYLFU,,1060938.8845925063,0,0.08158848998522114,0,50000,0,meta_202210_kv-c55714bb005a52bba8483aac4ef4351d,/nfs/hongshu/thesis-playground/paper-exp/efficiency/work_dir_meta_fixed_thresh,,,
meta_202210_kv,1482478166,0.02,4,439,2,marginal-hits-tuned,TINYLFU,,830711.8963446148,24001,0.04765645567018759,24001,50000,0,meta_202210_kv-5dd94d330a834b41cba6d43e53c43440,/nfs/hongshu/thesis-playground/paper-exp/efficiency/work_dir_meta_fixed_thresh,,,
meta_202210_kv,1482478166,0.02,4,439,1000,marginal-hits-tuned,TINYLFU,,1044850.0761970463,0,0.08158848998522114,0,50000,0,meta_202210_kv-524a77e8828fb129cc5cf8b6d7d29d05,/nfs/hongshu/thesis-playground/paper-exp/efficiency/work_dir_meta_fixed_thresh,,,
meta_202210_kv,1482478166,0.02,4,439,10,marginal-hits-tuned,TINYLFU,,1025538.4497424576,296,0.04388522103872928,296,50000,0,meta_202210_kv-d5c5d28ce265b0dbdf2ebca18bb3c74d,/nfs/hongshu/thesis-playground/paper-exp/efficiency/work_dir_meta_fixed_thresh,,,
meta_202210_kv,1482478166,0.04,4,877,10,marginal-hits-tuned,LRU,,1066869.5354354654,235,0.043207953053927134,235,50000,0,meta_202210_kv-33f31d533949d5dcdceb2ed98bc82358,/nfs/hongshu/thesis-playground/paper-exp/efficiency/work_dir_meta_fixed_thresh,,,
meta_202210_kv,1482478166,0.04,4,877,100,marginal-hits-tuned,LRU,,1259061.355214468,0,0.066785274326934,0,50000,0,meta_202210_kv-73717d26477ea2fe29f26c717d6f07bf,/nfs/hongshu/thesis-playground/paper-exp/efficiency/work_dir_meta_fixed_thresh,,,
meta_202210_kv,1482478166,0.04,4,877,20,marginal-hits-tuned,LRU,,1063194.8517052345,74,0.05503782576451113,74,50000,0,meta_202210_kv-0071d674794dcf71b5ae8ceca561f204,/nfs/hongshu/thesis-playground/paper-exp/efficiency/work_dir_meta_fixed_thresh,,,
meta_202210_kv,1482478166,0.04,4,877,50,marginal-hits-tuned,LRU,,1221873.757302431,0,0.066785274326934,0,50000,0,meta_202210_kv-8b028513660178e4c14d65f4b060d875,/nfs/hongshu/thesis-playground/paper-exp/efficiency/work_dir_meta_fixed_thresh,,,
meta_202210_kv,1482478166,0.04,4,877,1000,marginal-hits-tuned,LRU,,1147201.1911999113,0,0.066785274326934,0,50000,0,meta_202210_kv-f9649d6101b17ca35ff2860bfc04f51e,/nfs/hongshu/thesis-playground/paper-exp/efficiency/work_dir_meta_fixed_thresh,,,
meta_202210_kv,1482478166,0.04,4,877,500,marginal-hits-tuned,LRU,,1112815.8757980436,0,0.066785274326934,0,50000,0,meta_202210_kv-13736044688815fa030d08907a306ca2,/nfs/hongshu/thesis-playground/paper-exp/efficiency/work_dir_meta_fixed_thresh,,,
meta_202210_kv,1482478166,0.04,4,877,5,marginal-hits-tuned,LRU,,834449.0611532483,455,0.03706820596776331,455,50000,0,meta_202210_kv-80bb1bd3ce93328a5e245e77d5812156,/nfs/hongshu/thesis-playground/paper-exp/efficiency/work_dir_meta_fixed_thresh,,,
meta_202210_kv,1482478166,0.04,4,877,2,marginal-hits-tuned,LRU,,1044170.8209558921,4150,0.035977255667723605,4150,50000,0,meta_202210_kv-146170efa3dfe17393b99118ace667c8,/nfs/hongshu/thesis-playground/paper-exp/efficiency/work_dir_meta_fixed_thresh,,,
meta_202210_kv,1482478166,0.04,4,877,200,marginal-hits-tuned,LRU,,1141566.3318271758,0,0.066785274326934,0,50000,0,meta_202210_kv-3b06338d7b6e724a01514aeb841bdd13,/nfs/hongshu/thesis-playground/paper-exp/efficiency/work_dir_meta_fixed_thresh,,,
meta_202210_kv,1482478166,0.04,4,877,50,marginal-hits-tuned,LRU2Q,cold,1053908.2743568881,0,0.06334357169884956,0,50000,0,meta_202210_kv-1a20e6203ac788f8e3fdd71707be331c,/nfs/hongshu/thesis-playground/paper-exp/efficiency/work_dir_meta_fixed_thresh,,,
meta_202210_kv,1482478166,0.04,4,877,200,marginal-hits-tuned,LRU2Q,cold,1175423.5500613712,0,0.06334357169884956,0,50000,0,meta_202210_kv-9c98d097f756ca9f978b022f2fc57e89,/nfs/hongshu/thesis-playground/paper-exp/efficiency/work_dir_meta_fixed_thresh,,,
meta_202210_kv,1482478166,0.04,4,877,20,marginal-hits-tuned,LRU2Q,cold,1130450.9613419482,32,0.055886473001856,32,50000,0,meta_202210_kv-f506afb2ff57274ed9edbded88cd6099,/nfs/hongshu/thesis-playground/paper-exp/efficiency/work_dir_meta_fixed_thresh,,,
meta_202210_kv,1482478166,0.04,4,877,10,marginal-hits-tuned,LRU2Q,cold,923939.0939462044,155,0.04592486659260518,155,50000,0,meta_202210_kv-8c9c175a588651c741f30092fd4bb38d,/nfs/hongshu/thesis-playground/paper-exp/efficiency/work_dir_meta_fixed_thresh,,,
meta_202210_kv,1482478166,0.04,4,877,10,marginal-hits-tuned,LRU2Q,cold,1005066.9006015895,155,0.04592486659260518,155,50000,0,meta_202210_kv-2fdd834ce712f22e5b2d1535adf2f6dc,/nfs/hongshu/thesis-playground/paper-exp/efficiency/work_dir_meta_fixed_thresh,,,
meta_202210_kv,1482478166,0.04,4,877,100,marginal-hits-tuned,LRU2Q,cold,1040038.5007690792,0,0.06334357169884956,0,50000,0,meta_202210_kv-042e22d3fa9ee8ffeb8ebb9e01c9240d,/nfs/hongshu/thesis-playground/paper-exp/efficiency/work_dir_meta_fixed_thresh,,,
meta_202210_kv,1482478166,0.04,4,877,50,marginal-hits-tuned,LRU2Q,cold,1184189.073936237,0,0.06334357169884956,0,50000,0,meta_202210_kv-bf1602ce17da7c1fb1fe207e3f77460e,/nfs/hongshu/thesis-playground/paper-exp/efficiency/work_dir_meta_fixed_thresh,,,
meta_202210_kv,1482478166,0.04,4,877,2,marginal-hits-tuned,LRU2Q,cold,836185.5585927911,2318,0.03556345598144883,2318,50000,0,meta_202210_kv-f4d366114195dbcc57dc8b07e0518962,/nfs/hongshu/thesis-playground/paper-exp/efficiency/work_dir_meta_fixed_thresh,,,
meta_202210_kv,1482478166,0.04,4,877,100,marginal-hits-tuned,LRU2Q,cold,1106161.908284369,0,0.06334357169884956,0,50000,0,meta_202210_kv-5c59ee2aa3ae29c2a1fd869e103b977c,/nfs/hongshu/thesis-playground/paper-exp/efficiency/work_dir_meta_fixed_thresh,,,
meta_202210_kv,1482478166,0.04,4,877,5,marginal-hits-tuned,LRU2Q,cold,952739.5657301345,394,0.03703652927863762,394,50000,0,meta_202210_kv-4afa54bd5a19147434b2dd00ab2b9573,/nfs/hongshu/thesis-playground/paper-exp/efficiency/work_dir_meta_fixed_thresh,,,
meta_202210_kv,1482478166,0.04,4,877,1000,marginal-hits-tuned,LRU2Q,cold,998512.0556598796,0,0.06334357169884956,0,50000,0,meta_202210_kv-b99840bfb4a4b43756f0d8ffc0e931cc,/nfs/hongshu/thesis-playground/paper-exp/efficiency/work_dir_meta_fixed_thresh,,,
meta_202210_kv,1482478166,0.04,4,877,20,marginal-hits-tuned,LRU2Q,cold,1015276.0546246982,32,0.055886473001856,32,50000,0,meta_202210_kv-a25dd5df796220f25c67788af3ac9a9f,/nfs/hongshu/thesis-playground/paper-exp/efficiency/work_dir_meta_fixed_thresh,,,
meta_202210_kv,1482478166,0.04,4,877,500,marginal-hits-tuned,LRU2Q,cold,1178169.978477097,0,0.06334357169884956,0,50000,0,meta_202210_kv-c6d070f8764999b47939941ab44aff91,/nfs/hongshu/thesis-playground/paper-exp/efficiency/work_dir_meta_fixed_thresh,,,
meta_202210_kv,1482478166,0.04,4,877,5,marginal-hits-tuned,LRU2Q,cold,973956.4539335901,394,0.03703652927863762,394,50000,0,meta_202210_kv-d6597f69e25def4078873add295721e6,/nfs/hongshu/thesis-playground/paper-exp/efficiency/work_dir_meta_fixed_thresh,,,
meta_202210_kv,1482478166,0.04,4,877,200,marginal-hits-tuned,LRU2Q,cold,1125641.8674206226,0,0.06334357169884956,0,50000,0,meta_202210_kv-1f5552d907643aa37381f5f406fde0be,/nfs/hongshu/thesis-playground/paper-exp/efficiency/work_dir_meta_fixed_thresh,,,
meta_202210_kv,1482478166,0.04,4,877,500,marginal-hits-tuned,LRU2Q,cold,1134662.6874978128,0,0.06334357169884956,0,50000,0,meta_202210_kv-b3ac5a3de2b1e8cb39bcd1d40a1de692,/nfs/hongshu/thesis-playground/paper-exp/efficiency/work_dir_meta_fixed_thresh,,,
meta_202210_kv,1482478166,0.04,4,877,2,marginal-hits-tuned,LRU2Q,cold,865838.6701248601,2318,0.03556345598144883,2318,50000,0,meta_202210_kv-0bc04d921da05d6040add1cf54751908,/nfs/hongshu/thesis-playground/paper-exp/efficiency/work_dir_meta_fixed_thresh,,,
meta_202210_kv,1482478166,0.04,4,877,1000,marginal-hits-tuned,LRU2Q,cold,1049016.621387175,0,0.06334357169884956,0,50000,0,meta_202210_kv-427d0dc00fe09b44555674f80b9dcd3a,/nfs/hongshu/thesis-playground/paper-exp/efficiency/work_dir_meta_fixed_thresh,,,
meta_202210_kv,1482478166,0.04,4,877,50,marginal-hits-tuned,TINYLFU,,1014223.5843112437,0,0.06699115864078095,0,50000,0,meta_202210_kv-87fc372d69253b012ad5fdf1d0f8f077,/nfs/hongshu/thesis-playground/paper-exp/efficiency/work_dir_meta_fixed_thresh,,,
meta_202210_kv,1482478166,0.04,4,877,10,marginal-hits-tuned,TINYLFU,,818745.2721296834,232,0.04309438780631593,232,50000,0,meta_202210_kv-09a2cb152005bc009a080bb62ea739df,/nfs/hongshu/thesis-playground/paper-exp/efficiency/work_dir_meta_fixed_thresh,,,
meta_202210_kv,1482478166,0.04,4,877,20,marginal-hits-tuned,TINYLFU,,979448.2243131577,78,0.05452950192050248,78,50000,0,meta_202210_kv-6a1852766dd7edd658e67659ca206576,/nfs/hongshu/thesis-playground/paper-exp/efficiency/work_dir_meta_fixed_thresh,,,
meta_202210_kv,1482478166,0.04,4,877,100,marginal-hits-tuned,TINYLFU,,1056421.1707468282,0,0.06699115864078095,0,50000,0,meta_202210_kv-9774b9214b1b5aac71d7421f75de968e,/nfs/hongshu/thesis-playground/paper-exp/efficiency/work_dir_meta_fixed_thresh,,,
meta_202210_kv,1482478166,0.04,4,877,2,marginal-hits-tuned,TINYLFU,,861713.752014808,4595,0.03619618570490299,4595,50000,0,meta_202210_kv-52e6054fcfb8514bbf670caa33933a0f,/nfs/hongshu/thesis-playground/paper-exp/efficiency/work_dir_meta_fixed_thresh,,,
meta_202210_kv,1482478166,0.04,4,877,5,marginal-hits-tuned,TINYLFU,,725476.3287384366,466,0.036976668026016644,466,50000,0,meta_202210_kv-b968a286242e0ef6a8b9ce70a7f07269,/nfs/hongshu/thesis-playground/paper-exp/efficiency/work_dir_meta_fixed_thresh,,,
meta_202210_kv,1482478166,0.04,4,877,1000,marginal-hits-tuned,TINYLFU,,972649.2612358207,0,0.06699115864078095,0,50000,0,meta_202210_kv-95c756730cace652a02539d11498f783,/nfs/hongshu/thesis-playground/paper-exp/efficiency/work_dir_meta_fixed_thresh,,,
meta_202210_kv,1482478166,0.04,4,877,200,marginal-hits-tuned,TINYLFU,,973089.6930454057,0,0.06699115864078095,0,50000,0,meta_202210_kv-785672ffbd3a4042025081c183f99167,/nfs/hongshu/thesis-playground/paper-exp/efficiency/work_dir_meta_fixed_thresh,,,
meta_202210_kv,1482478166,0.04,4,877,500,marginal-hits-tuned,TINYLFU,,1004040.3833705847,0,0.06699115864078095,0,50000,0,meta_202210_kv-13378148f8ae344d8c2f78b0cec12176,/nfs/hongshu/thesis-playground/paper-exp/efficiency/work_dir_meta_fixed_thresh,,,
meta_202210_kv,1482478166,0.1,4,2193,200,marginal-hits-tuned,LRU,,1099867.6352234525,0,0.05311192084025607,0,50000,0,meta_202210_kv-7912409b19bb3bddcbec0b7159ba7b8a,/nfs/hongshu/thesis-playground/paper-exp/efficiency/work_dir_meta_fixed_thresh,,,
meta_202210_kv,1482478166,0.1,4,2193,2,marginal-hits-tuned,LRU,,868221.7356071268,940,0.03327331162865842,940,50000,0,meta_202210_kv-489573913e67758094e6252ebfadfd22,/nfs/hongshu/thesis-playground/paper-exp/efficiency/work_dir_meta_fixed_thresh,,,
meta_202210_kv,1482478166,0.1,4,2193,10,marginal-hits-tuned,LRU,,1072364.7888731002,148,0.042052637556349685,148,50000,0,meta_202210_kv-df41678f470c4ca25158b8fb056be64b,/nfs/hongshu/thesis-playground/paper-exp/efficiency/work_dir_meta_fixed_thresh,,,
meta_202210_kv,1482478166,0.1,4,2193,20,marginal-hits-tuned,LRU,,1341669.0687002619,25,0.05113403133925144,25,50000,0,meta_202210_kv-f1f3d02b93f8eb2c9a2564b110eab7ca,/nfs/hongshu/thesis-playground/paper-exp/efficiency/work_dir_meta_fixed_thresh,,,
meta_202210_kv,1482478166,0.1,4,2193,500,marginal-hits-tuned,LRU,,1033332.3609877403,0,0.05311192084025607,0,50000,0,meta_202210_kv-72db6ed80221b07df866b888f607fb78,/nfs/hongshu/thesis-playground/paper-exp/efficiency/work_dir_meta_fixed_thresh,,,
meta_202210_kv,1482478166,0.1,4,2193,50,marginal-hits-tuned,LRU,,1227005.2183891784,0,0.05311192084025607,0,50000,0,meta_202210_kv-fa065ea9f918a18b46595b595011c421,/nfs/hongshu/thesis-playground/paper-exp/efficiency/work_dir_meta_fixed_thresh,,,
meta_202210_kv,1482478166,0.1,4,2193,100,marginal-hits-tuned,LRU,,1257143.8609983355,0,0.05311192084025607,0,50000,0,meta_202210_kv-cdef13407c3ef2621f71b289fe14e70f,/nfs/hongshu/thesis-playground/paper-exp/efficiency/work_dir_meta_fixed_thresh,,,
meta_202210_kv,1482478166,0.1,4,2193,5,marginal-hits-tuned,LRU,,868629.1424465508,347,0.03635194921312588,347,50000,0,meta_202210_kv-a8783aed8675b6abcab416dfce74a61a,/nfs/hongshu/thesis-playground/paper-exp/efficiency/work_dir_meta_fixed_thresh,,,
meta_202210_kv,1482478166,0.1,4,2193,1000,marginal-hits-tuned,LRU,,1101392.9284638714,0,0.05311192084025607,0,50000,0,meta_202210_kv-e4b909ef064881d7e84e8527f5a71c79,/nfs/hongshu/thesis-playground/paper-exp/efficiency/work_dir_meta_fixed_thresh,,,
meta_202210_kv,1482478166,0.1,4,2193,50,marginal-hits-tuned,LRU2Q,cold,1038221.5583272063,0,0.049435862652698254,0,50000,0,meta_202210_kv-73b36f331abd95cbee5c9561645b3cab,/nfs/hongshu/thesis-playground/paper-exp/efficiency/work_dir_meta_fixed_thresh,,,
meta_202210_kv,1482478166,0.1,4,2193,10,marginal-hits-tuned,LRU2Q,cold,1179945.827628502,67,0.04461928176552989,67,50000,0,meta_202210_kv-384439f73dac5d70c6309156e7f82264,/nfs/hongshu/thesis-playground/paper-exp/efficiency/work_dir_meta_fixed_thresh,,,
meta_202210_kv,1482478166,0.1,4,2193,20,marginal-hits-tuned,LRU2Q,cold,1032786.3013734359,0,0.049435862652698254,0,50000,0,meta_202210_kv-e89ac894025266abf4bbe19a53447080,/nfs/hongshu/thesis-playground/paper-exp/efficiency/work_dir_meta_fixed_thresh,,,
meta_202210_kv,1482478166,0.1,4,2193,10,marginal-hits-tuned,LRU2Q,cold,1074733.4583047302,67,0.04461928176552989,67,50000,0,meta_202210_kv-50330c6285c370c3ea9e92a2635c6bc0,/nfs/hongshu/thesis-playground/paper-exp/efficiency/work_dir_meta_fixed_thresh,,,
meta_202210_kv,1482478166,0.1,4,2193,100,marginal-hits-tuned,LRU2Q,cold,1034850.705917479,0,0.049435862652698254,0,50000,0,meta_202210_kv-e60d38999e5cd2fa47ed5f0a2e3eebeb,/nfs/hongshu/thesis-playground/paper-exp/efficiency/work_dir_meta_fixed_thresh,,,
meta_202210_kv,1482478166,0.1,4,2193,500,marginal-hits-tuned,LRU2Q,cold,1035240.7446637568,0,0.049435862652698254,0,50000,0,meta_202210_kv-7e7f622a988abdc4217644d661689ee1,/nfs/hongshu/thesis-playground/paper-exp/efficiency/work_dir_meta_fixed_thresh,,,
meta_202210_kv,1482478166,0.1,4,2193,1000,marginal-hits-tuned,LRU2Q,cold,1054697.7072224144,0,0.049435862652698254,0,50000,0,meta_202210_kv-31eac2b6ec79508c5d844b177eb0688d,/nfs/hongshu/thesis-playground/paper-exp/efficiency/work_dir_meta_fixed_thresh,,,
meta_202210_kv,1482478166,0.1,4,2193,200,marginal-hits-tuned,LRU2Q,cold,1071437.1780449462,0,0.049435862652698254,0,50000,0,meta_202210_kv-13185265bd9368ca9fcec1a171128fdc,/nfs/hongshu/thesis-playground/paper-exp/efficiency/work_dir_meta_fixed_thresh,,,
meta_202210_kv,1482478166,0.1,4,2193,50,marginal-hits-tuned,LRU2Q,cold,922691.0424067349,0,0.049435862652698254,0,50000,0,meta_202210_kv-3e8c244e37f4e2cdd0df2360da3087f7,/nfs/hongshu/thesis-playground/paper-exp/efficiency/work_dir_meta_fixed_thresh,,,
meta_202210_kv,1482478166,0.1,4,2193,200,marginal-hits-tuned,LRU2Q,cold,1042516.0133179582,0,0.049435862652698254,0,50000,0,meta_202210_kv-bde2f5dfff4e8e9cf7752796868973e8,/nfs/hongshu/thesis-playground/paper-exp/efficiency/work_dir_meta_fixed_thresh,,,
meta_202210_kv,1482478166,0.1,4,2193,5,marginal-hits-tuned,LRU2Q,cold,862541.0032270496,286,0.03626576581904276,286,50000,0,meta_202210_kv-3d4f7e9dba5269432be2489e22757331,/nfs/hongshu/thesis-playground/paper-exp/efficiency/work_dir_meta_fixed_thresh,,,
meta_202210_kv,1482478166,0.1,4,2193,2,marginal-hits-tuned,LRU2Q,cold,900865.3274879172,866,0.033137003381674086,866,50000,0,meta_202210_kv-67fd6204d4517f41158ca3885c8ccdb1,/nfs/hongshu/thesis-playground/paper-exp/efficiency/work_dir_meta_fixed_thresh,,,
meta_202210_kv,1482478166,0.1,4,2193,1000,marginal-hits-tuned,LRU2Q,cold,1002099.6762348576,0,0.049435862652698254,0,50000,0,meta_202210_kv-92223ab799008e73c5babb33ef719a8b,/nfs/hongshu/thesis-playground/paper-exp/efficiency/work_dir_meta_fixed_thresh,,,
meta_202210_kv,1482478166,0.1,4,2193,100,marginal-hits-tuned,LRU2Q,cold,999576.0837665393,0,0.049435862652698254,0,50000,0,meta_202210_kv-dc74f80e08fa34f2526d80f80db70ca1,/nfs/hongshu/thesis-playground/paper-exp/efficiency/work_dir_meta_fixed_thresh,,,
meta_202210_kv,1482478166,0.1,4,2193,20,marginal-hits-tuned,LRU2Q,cold,989920.5578875256,0,0.049435862652698254,0,50000,0,meta_202210_kv-0860dec28700696d4b56ee7dfb05ffcd,/nfs/hongshu/thesis-playground/paper-exp/efficiency/work_dir_meta_fixed_thresh,,,
meta_202210_kv,1482478166,0.1,4,2193,2,marginal-hits-tuned,LRU2Q,cold,802999.2350617999,866,0.033137003381674086,866,50000,0,meta_202210_kv-f44cb2060e45414460570a07fad34da5,/nfs/hongshu/thesis-playground/paper-exp/efficiency/work_dir_meta_fixed_thresh,,,
meta_202210_kv,1482478166,0.1,4,2193,5,marginal-hits-tuned,LRU2Q,cold,1145147.4778538211,286,0.03626576581904276,286,50000,0,meta_202210_kv-94fd6fcf4aca093e3d0d5cea4d282ddf,/nfs/hongshu/thesis-playground/paper-exp/efficiency/work_dir_meta_fixed_thresh,,,
meta_202210_kv,1482478166,0.1,4,2193,500,marginal-hits-tuned,LRU2Q,cold,893093.6362312321,0,0.049435862652698254,0,50000,0,meta_202210_kv-ad730e52caf8180770b8804556667f06,/nfs/hongshu/thesis-playground/paper-exp/efficiency/work_dir_meta_fixed_thresh,,,
meta_202210_kv,1482478166,0.1,4,2193,200,marginal-hits-tuned,TINYLFU,,908372.6693494762,0,0.05277476309219383,0,50000,0,meta_202210_kv-a95945902a233eb928491c2107941f53,/nfs/hongshu/thesis-playground/paper-exp/efficiency/work_dir_meta_fixed_thresh,,,
meta_202210_kv,1482478166,0.1,4,2193,20,marginal-hits-tuned,TINYLFU,,796091.0414355742,25,0.05067420129545436,25,50000,0,meta_202210_kv-0aea8ce1f99af38f292bb9ecbef1e1f9,/nfs/hongshu/thesis-playground/paper-exp/efficiency/work_dir_meta_fixed_thresh,,,
meta_202210_kv,1482478166,0.1,4,2193,5,marginal-hits-tuned,TINYLFU,,816640.5334066882,347,0.03626039980409398,347,50000,0,meta_202210_kv-802e3e498a9f60aeba21784521674928,/nfs/hongshu/thesis-playground/paper-exp/efficiency/work_dir_meta_fixed_thresh,,,
meta_202210_kv,1482478166,0.1,4,2193,1000,marginal-hits-tuned,TINYLFU,,980995.974038332,0,0.05277476309219383,0,50000,0,meta_202210_kv-aa033ec5bf601c362731039141d7452a,/nfs/hongshu/thesis-playground/paper-exp/efficiency/work_dir_meta_fixed_thresh,,,
meta_202210_kv,1482478166,0.1,4,2193,10,marginal-hits-tuned,TINYLFU,,864896.0581350664,148,0.041912267866749814,148,50000,0,meta_202210_kv-f793dc60bd0aa4b2db7fcf4991b61db5,/nfs/hongshu/thesis-playground/paper-exp/efficiency/work_dir_meta_fixed_thresh,,,
meta_202210_kv,1482478166,0.1,4,2193,50,marginal-hits-tuned,TINYLFU,,903989.4256287902,0,0.05277476309219383,0,50000,0,meta_202210_kv-0b74feeb4ff03c16c1a7ce6a4b94a53f,/nfs/hongshu/thesis-playground/paper-exp/efficiency/work_dir_meta_fixed_thresh,,,
meta_202210_kv,1482478166,0.1,4,2193,500,marginal-hits-tuned,TINYLFU,,1037751.9384994413,0,0.05277476309219383,0,50000,0,meta_202210_kv-1e9c2c54dce0170045354884cbcc8d6a,/nfs/hongshu/thesis-playground/paper-exp/efficiency/work_dir_meta_fixed_thresh,,,
meta_202210_kv,1482478166,0.1,4,2193,100,marginal-hits-tuned,TINYLFU,,854311.9572062076,0,0.05277476309219383,0,50000,0,meta_202210_kv-5d7376c26a15fed176da324482ca60fd,/nfs/hongshu/thesis-playground/paper-exp/efficiency/work_dir_meta_fixed_thresh,,,
meta_202210_kv,1482478166,0.1,4,2193,2,marginal-hits-tuned,TINYLFU,,887688.3660117845,942,0.033244694006508556,942,50000,0,meta_202210_kv-97dc9d25ae860bb41ad528bed3e5aebb,/nfs/hongshu/thesis-playground/paper-exp/efficiency/work_dir_meta_fixed_thresh,,,
meta_202210_kv,1482478166,0.2,4,4385,50,marginal-hits-tuned,LRU,,937303.5989123428,0,0.04322739280060331,0,50000,0,meta_202210_kv-d3cf929bdf0d9b2c9536ee7ca4b72325,/nfs/hongshu/thesis-playground/paper-exp/efficiency/work_dir_meta_fixed_thresh,,,
meta_202210_kv,1482478166,0.2,4,4385,500,marginal-hits-tuned,LRU,,936492.9610731233,0,0.04322739280060331,0,50000,0,meta_202210_kv-a0693ebd086ba427cb07259f32fa61d7,/nfs/hongshu/thesis-playground/paper-exp/efficiency/work_dir_meta_fixed_thresh,,,
meta_202210_kv,1482478166,0.2,4,4385,200,marginal-hits-tuned,LRU,,949601.9100041472,0,0.04322739280060331,0,50000,0,meta_202210_kv-900c7f9ce4cb93c4331a24849706c34d,/nfs/hongshu/thesis-playground/paper-exp/efficiency/work_dir_meta_fixed_thresh,,,
meta_202210_kv,1482478166,0.2,4,4385,10,marginal-hits-tuned,LRU,,977016.0413760201,75,0.037949800739257564,75,50000,0,meta_202210_kv-97c8f20be9486cf44e6126e4aa9fa194,/nfs/hongshu/thesis-playground/paper-exp/efficiency/work_dir_meta_fixed_thresh,,,
meta_202210_kv,1482478166,0.2,4,4385,1000,marginal-hits-tuned,LRU,,1030308.0050678106,0,0.04322739280060331,0,50000,0,meta_202210_kv-3d5570062dd0b35be3758be3c76d2c60,/nfs/hongshu/thesis-playground/paper-exp/efficiency/work_dir_meta_fixed_thresh,,,
meta_202210_kv,1482478166,0.2,4,4385,5,marginal-hits-tuned,LRU,,952662.2888762975,195,0.03533101141133434,195,50000,0,meta_202210_kv-3c6b6fe7c17a3c0e3a9027eb582888f6,/nfs/hongshu/thesis-playground/paper-exp/efficiency/work_dir_meta_fixed_thresh,,,
meta_202210_kv,1482478166,0.2,4,4385,100,marginal-hits-tuned,LRU,,882574.4200078723,0,0.04322739280060331,0,50000,0,meta_202210_kv-be31b60f956085c96b08e450fafeec23,/nfs/hongshu/thesis-playground/paper-exp/efficiency/work_dir_meta_fixed_thresh,,,
meta_202210_kv,1482478166,0.2,4,4385,2,marginal-hits-tuned,LRU,,809801.6906042377,699,0.0329884844995417,699,50000,0,meta_202210_kv-332954227fc8b2108da3b37daae72fbf,/nfs/hongshu/thesis-playground/paper-exp/efficiency/work_dir_meta_fixed_thresh,,,
meta_202210_kv,1482478166,0.2,4,4385,20,marginal-hits-tuned,LRU,,845234.1778862616,30,0.04205535800113767,30,50000,0,meta_202210_kv-772ca56e41b3b5bb69eaa441cb2357c1,/nfs/hongshu/thesis-playground/paper-exp/efficiency/work_dir_meta_fixed_thresh,,,
meta_202210_kv,1482478166,0.2,4,4385,500,marginal-hits-tuned,LRU2Q,cold,928979.9080075305,0,0.04136029751145758,0,50000,0,meta_202210_kv-bdf8df2165a17b4b476d82253c30806f,/nfs/hongshu/thesis-playground/paper-exp/efficiency/work_dir_meta_fixed_thresh,,,
meta_202210_kv,1482478166,0.2,4,4385,1000,marginal-hits-tuned,LRU2Q,cold,1130604.0155304044,0,0.04136029751145758,0,50000,0,meta_202210_kv-9d9c03ca9e565287e9d410d993127a82,/nfs/hongshu/thesis-playground/paper-exp/efficiency/work_dir_meta_fixed_thresh,,,
meta_202210_kv,1482478166,0.2,4,4385,10,marginal-hits-tuned,LRU2Q,cold,854572.684313613,54,0.03830773585909258,54,50000,0,meta_202210_kv-2ec87e22c7cb7715fd26f9cd3310bf34,/nfs/hongshu/thesis-playground/paper-exp/efficiency/work_dir_meta_fixed_thresh,,,
meta_202210_kv,1482478166,0.2,4,4385,200,marginal-hits-tuned,LRU2Q,cold,989578.7651268685,0,0.04136029751145758,0,50000,0,meta_202210_kv-576e2f887704eb4bc38d3deea681556e,/nfs/hongshu/thesis-playground/paper-exp/efficiency/work_dir_meta_fixed_thresh,,,
meta_202210_kv,1482478166,0.2,4,4385,20,marginal-hits-tuned,LRU2Q,cold,1043822.1801141143,0,0.04136029751145758,0,50000,0,meta_202210_kv-f9c4ab95fa5707791fa3e1534ee725d8,/nfs/hongshu/thesis-playground/paper-exp/efficiency/work_dir_meta_fixed_thresh,,,
meta_202210_kv,1482478166,0.2,4,4385,20,marginal-hits-tuned,LRU2Q,cold,941766.1883390389,0,0.04136029751145758,0,50000,0,meta_202210_kv-121a43ace0c1b51ea45528b13dc9d4d4,/nfs/hongshu/thesis-playground/paper-exp/efficiency/work_dir_meta_fixed_thresh,,,
meta_202210_kv,1482478166,0.2,4,4385,5,marginal-hits-tuned,LRU2Q,cold,771471.166756289,171,0.0351988502743318,171,50000,0,meta_202210_kv-95d5437ea808e868936c86fc0d923793,/nfs/hongshu/thesis-playground/paper-exp/efficiency/work_dir_meta_fixed_thresh,,,
meta_202210_kv,1482478166,0.2,4,4385,5,marginal-hits-tuned,LRU2Q,cold,755628.648361494,171,0.0351988502743318,171,50000,0,meta_202210_kv-eda82aa10880118cef1ff57a27069fa2,/nfs/hongshu/thesis-playground/paper-exp/efficiency/work_dir_meta_fixed_thresh,,,
meta_202210_kv,1482478166,0.2,4,4385,1000,marginal-hits-tuned,LRU2Q,cold,1096840.574474496,0,0.04136029751145758,0,50000,0,meta_202210_kv-bd75f78b3cbf39d259064b8403552e91,/nfs/hongshu/thesis-playground/paper-exp/efficiency/work_dir_meta_fixed_thresh,,,
meta_202210_kv,1482478166,0.2,4,4385,50,marginal-hits-tuned,LRU2Q,cold,1171622.9200361778,0,0.04136029751145758,0,50000,0,meta_202210_kv-8175e01a9bd6b498e0da2cdf2da4e2a2,/nfs/hongshu/thesis-playground/paper-exp/efficiency/work_dir_meta_fixed_thresh,,,
meta_202210_kv,1482478166,0.2,4,4385,100,marginal-hits-tuned,LRU2Q,cold,874442.4054757131,0,0.04136029751145758,0,50000,0,meta_202210_kv-44e78e0132d3892ea718596932dba5e5,/nfs/hongshu/thesis-playground/paper-exp/efficiency/work_dir_meta_fixed_thresh,,,
meta_202210_kv,1482478166,0.2,4,4385,100,marginal-hits-tuned,LRU2Q,cold,1124591.105357188,0,0.04136029751145758,0,50000,0,meta_202210_kv-980aa69badede313203ed51d0a2df0ae,/nfs/hongshu/thesis-playground/paper-exp/efficiency/work_dir_meta_fixed_thresh,,,
meta_202210_kv,1482478166,0.2,4,4385,50,marginal-hits-tuned,LRU2Q,cold,734791.0253649581,0,0.04136029751145758,0,50000,0,meta_202210_kv-7342b73587f4f02dcfed157231869bab,/nfs/hongshu/thesis-playground/paper-exp/efficiency/work_dir_meta_fixed_thresh,,,
meta_202210_kv,1482478166,0.2,4,4385,10,marginal-hits-tuned,LRU2Q,cold,1037303.0933073988,54,0.03830773585909258,54,50000,0,meta_202210_kv-1f90330c796caf4643e9568a111eff68,/nfs/hongshu/thesis-playground/paper-exp/efficiency/work_dir_meta_fixed_thresh,,,
meta_202210_kv,1482478166,0.2,4,4385,2,marginal-hits-tuned,LRU2Q,cold,907074.0178252428,639,0.032917055454292604,639,50000,0,meta_202210_kv-012e37ae283f0f3ae887d26dfe5d9188,/nfs/hongshu/thesis-playground/paper-exp/efficiency/work_dir_meta_fixed_thresh,,,
meta_202210_kv,1482478166,0.2,4,4385,500,marginal-hits-tuned,LRU2Q,cold,879278.0606721377,0,0.04136029751145758,0,50000,0,meta_202210_kv-e058e919133d95663a050cec08ce5c6d,/nfs/hongshu/thesis-playground/paper-exp/efficiency/work_dir_meta_fixed_thresh,,,
meta_202210_kv,1482478166,0.2,4,4385,200,marginal-hits-tuned,LRU2Q,cold,933799.9012922394,0,0.04136029751145758,0,50000,0,meta_202210_kv-c5deb535fde57c7644c601eeae13d047,/nfs/hongshu/thesis-playground/paper-exp/efficiency/work_dir_meta_fixed_thresh,,,
meta_202210_kv,1482478166,0.2,4,4385,2,marginal-hits-tuned,LRU2Q,cold,854313.1527190038,639,0.032917055454292604,639,50000,0,meta_202210_kv-6c08bf87e666ee925293db9956d18aec,/nfs/hongshu/thesis-playground/paper-exp/efficiency/work_dir_meta_fixed_thresh,,,
meta_202210_kv,1482478166,0.2,4,4385,20,marginal-hits-tuned,TINYLFU,,873022.0502170252,34,0.04175485441854393,34,50000,0,meta_202210_kv-69407ea40c7e744db13673fb28551b28,/nfs/hongshu/thesis-playground/paper-exp/efficiency/work_dir_meta_fixed_thresh,,,
meta_202210_kv,1482478166,0.2,4,4385,5,marginal-hits-tuned,TINYLFU,,1011487.8977643158,197,0.035295127577615874,197,50000,0,meta_202210_kv-92b54b2fb84a7c4e70b9b5574bae8b7b,/nfs/hongshu/thesis-playground/paper-exp/efficiency/work_dir_meta_fixed_thresh,,,
meta_202210_kv,1482478166,0.2,4,4385,200,marginal-hits-tuned,TINYLFU,,847852.5668047688,0,0.04308862785639165,0,50000,0,meta_202210_kv-526a186e058df925ae7c76deda9d7396,/nfs/hongshu/thesis-playground/paper-exp/efficiency/work_dir_meta_fixed_thresh,,,
meta_202210_kv,1482478166,0.2,4,4385,10,marginal-hits-tuned,TINYLFU,,720853.4201525775,77,0.03799645775019124,77,50000,0,meta_202210_kv-3dbec965029c316104fd86c21fb2b16a,/nfs/hongshu/thesis-playground/paper-exp/efficiency/work_dir_meta_fixed_thresh,,,
meta_202210_kv,1482478166,0.2,4,4385,1000,marginal-hits-tuned,TINYLFU,,964720.3582713327,0,0.04308862785639165,0,50000,0,meta_202210_kv-f560a7480663bf0b924999ef871680ad,/nfs/hongshu/thesis-playground/paper-exp/efficiency/work_dir_meta_fixed_thresh,,,
meta_202210_kv,1482478166,0.2,4,4385,50,marginal-hits-tuned,TINYLFU,,894744.8222914658,0,0.04308862785639165,0,50000,0,meta_202210_kv-50fa99e08bc6d78724ec4822dccac775,/nfs/hongshu/thesis-playground/paper-exp/efficiency/work_dir_meta_fixed_thresh,,,
meta_202210_kv,1482478166,0.2,4,4385,2,marginal-hits-tuned,TINYLFU,,716164.0382624087,700,0.03296148174097291,700,50000,0,meta_202210_kv-fde8b7be8ffc6ca1ac4a8859e6064a17,/nfs/hongshu/thesis-playground/paper-exp/efficiency/work_dir_meta_fixed_thresh,,,
meta_202210_kv,1482478166,0.2,4,4385,500,marginal-hits-tuned,TINYLFU,,717967.9234268179,0,0.04308862785639165,0,50000,0,meta_202210_kv-1bcd32e9124c68648ad6fc5c5c9f441a,/nfs/hongshu/thesis-playground/paper-exp/efficiency/work_dir_meta_fixed_thresh,,,
meta_202210_kv,1482478166,0.2,4,4385,100,marginal-hits-tuned,TINYLFU,,815849.8118163843,0,0.04308862785639165,0,50000,0,meta_202210_kv-9c94bfa8fa19fbae3d1b60b751b81cb5,/nfs/hongshu/thesis-playground/paper-exp/efficiency/work_dir_meta_fixed_thresh,,,
meta_202210_kv,1482478166,0.4,4,8769,500,marginal-hits-tuned,LRU,,824717.9495102639,0,0.03535006059576597,0,50000,0,meta_202210_kv-66cbf2bd2a14ee41580c5d8c7041f140,/nfs/hongshu/thesis-playground/paper-exp/efficiency/work_dir_meta_fixed_thresh,,,
meta_202210_kv,1482478166,0.4,4,8769,50,marginal-hits-tuned,LRU,,1145843.9147749837,0,0.03535006059576597,0,50000,0,meta_202210_kv-2d9147e763d7a66a789bfd058ed2b9a4,/nfs/hongshu/thesis-playground/paper-exp/efficiency/work_dir_meta_fixed_thresh,,,
meta_202210_kv,1482478166,0.4,4,8769,20,marginal-hits-tuned,LRU,,777649.3273710833,0,0.03535006059576597,0,50000,0,meta_202210_kv-ce0bb3117c97020703fc0502b03d97af,/nfs/hongshu/thesis-playground/paper-exp/efficiency/work_dir_meta_fixed_thresh,,,
meta_202210_kv,1482478166,0.4,4,8769,10,marginal-hits-tuned,LRU,,835274.4980471296,1,0.03533094935308477,1,50000,0,meta_202210_kv-ae16ab106e731d3600e15c6bf30f0baa,/nfs/hongshu/thesis-playground/paper-exp/efficiency/work_dir_meta_fixed_thresh,,,
meta_202210_kv,1482478166,0.4,4,8769,1000,marginal-hits-tuned,LRU,,1112606.67247833,0,0.03535006059576597,0,50000,0,meta_202210_kv-3e0c39996c0f9ed145cd17a72623350c,/nfs/hongshu/thesis-playground/paper-exp/efficiency/work_dir_meta_fixed_thresh,,,
meta_202210_kv,1482478166,0.4,4,8769,200,marginal-hits-tuned,LRU,,828590.1066061814,0,0.03535006059576597,0,50000,0,meta_202210_kv-cd52e717870dc1f2977f6161f084e247,/nfs/hongshu/thesis-playground/paper-exp/efficiency/work_dir_meta_fixed_thresh,,,
meta_202210_kv,1482478166,0.4,4,8769,5,marginal-hits-tuned,LRU,,984533.9904980215,68,0.03430569917749467,68,50000,0,meta_202210_kv-539b945e4ac7d4ffaff5e338c1c1a391,/nfs/hongshu/thesis-playground/paper-exp/efficiency/work_dir_meta_fixed_thresh,,,
meta_202210_kv,1482478166,0.4,4,8769,2,marginal-hits-tuned,LRU,,779974.8268742672,417,0.03276842324840014,417,50000,0,meta_202210_kv-84676562107ccbe0f6f69e2adb29748f,/nfs/hongshu/thesis-playground/paper-exp/efficiency/work_dir_meta_fixed_thresh,,,
meta_202210_kv,1482478166,0.4,4,8769,100,marginal-hits-tuned,LRU,,1305786.4319084978,0,0.03535006059576597,0,50000,0,meta_202210_kv-4f72512a2f35926b7fab87ec91588d7b,/nfs/hongshu/thesis-playground/paper-exp/efficiency/work_dir_meta_fixed_thresh,,,
meta_202210_kv,1482478166,0.4,4,8769,500,marginal-hits-tuned,LRU2Q,cold,962698.8842181931,0,0.03478828368795011,0,50000,0,meta_202210_kv-a0e08847140558fbb161371b1cd8d8b7,/nfs/hongshu/thesis-playground/paper-exp/efficiency/work_dir_meta_fixed_thresh,,,
meta_202210_kv,1482478166,0.4,4,8769,20,marginal-hits-tuned,LRU2Q,cold,797006.2152461328,0,0.03478828368795011,0,50000,0,meta_202210_kv-8aaf64c49db30ef70744b49493118c4c,/nfs/hongshu/thesis-playground/paper-exp/efficiency/work_dir_meta_fixed_thresh,,,
meta_202210_kv,1482478166,0.4,4,8769,10,marginal-hits-tuned,LRU2Q,cold,820717.4352822028,0,0.03478828368795011,0,50000,0,meta_202210_kv-06366215744a7d2aba47d352fe28314d,/nfs/hongshu/thesis-playground/paper-exp/efficiency/work_dir_meta_fixed_thresh,,,
meta_202210_kv,1482478166,0.4,4,8769,5,marginal-hits-tuned,LRU2Q,cold,855140.2176199319,54,0.034105590328134386,54,50000,0,meta_202210_kv-ec8a71425fe69e3c0a1d95bc8bdcabcb,/nfs/hongshu/thesis-playground/paper-exp/efficiency/work_dir_meta_fixed_thresh,,,
meta_202210_kv,1482478166,0.4,4,8769,20,marginal-hits-tuned,LRU2Q,cold,1007545.045370851,0,0.03478828368795011,0,50000,0,meta_202210_kv-9be3cca4cb39f5fd248632b12af28781,/nfs/hongshu/thesis-playground/paper-exp/efficiency/work_dir_meta_fixed_thresh,,,
meta_202210_kv,1482478166,0.4,4,8769,1000,marginal-hits-tuned,LRU2Q,cold,1045494.5799923821,0,0.03478828368795011,0,50000,0,meta_202210_kv-0ef3172a257c4871efe490636f0af4ab,/nfs/hongshu/thesis-playground/paper-exp/efficiency/work_dir_meta_fixed_thresh,,,
meta_202210_kv,1482478166,0.4,4,8769,2,marginal-hits-tuned,LRU2Q,cold,1013651.5786418938,376,0.03273866969046477,376,50000,0,meta_202210_kv-33cb5fba77609688fb576c2f41707e2f,/nfs/hongshu/thesis-playground/paper-exp/efficiency/work_dir_meta_fixed_thresh,,,
meta_202210_kv,1482478166,0.4,4,8769,200,marginal-hits-tuned,LRU2Q,cold,955713.2989765999,0,0.03478828368795011,0,50000,0,meta_202210_kv-c55fa3499466f23af5a2f7824c74d06a,/nfs/hongshu/thesis-playground/paper-exp/efficiency/work_dir_meta_fixed_thresh,,,
meta_202210_kv,1482478166,0.4,4,8769,100,marginal-hits-tuned,LRU2Q,cold,749070.4824697966,0,0.03478828368795011,0,50000,0,meta_202210_kv-4e89e45a7fde7f41ad6ca5ab6bf0c1ad,/nfs/hongshu/thesis-playground/paper-exp/efficiency/work_dir_meta_fixed_thresh,,,
meta_202210_kv,1482478166,0.4,4,8769,200,marginal-hits-tuned,LRU2Q,cold,1144602.0935449046,0,0.03478828368795011,0,50000,0,meta_202210_kv-ff54caf7ce302bfe8423c11ef1c74f33,/nfs/hongshu/thesis-playground/paper-exp/efficiency/work_dir_meta_fixed_thresh,,,
meta_202210_kv,1482478166,0.4,4,8769,50,marginal-hits-tuned,LRU2Q,cold,896451.552326144,0,0.03478828368795011,0,50000,0,meta_202210_kv-75018af5ff032a55da12c89f2636ee54,/nfs/hongshu/thesis-playground/paper-exp/efficiency/work_dir_meta_fixed_thresh,,,
meta_202210_kv,1482478166,0.4,4,8769,10,marginal-hits-tuned,LRU2Q,cold,816711.6292187235,0,0.03478828368795011,0,50000,0,meta_202210_kv-76fe5083ee253eda8326764d770265b0,/nfs/hongshu/thesis-playground/paper-exp/efficiency/work_dir_meta_fixed_thresh,,,
meta_202210_kv,1482478166,0.4,4,8769,2,marginal-hits-tuned,LRU2Q,cold,741395.6102089998,376,0.03273866969046477,376,50000,0,meta_202210_kv-83e5e84b829f647dc2c947ea14979075,/nfs/hongshu/thesis-playground/paper-exp/efficiency/work_dir_meta_fixed_thresh,,,
meta_202210_kv,1482478166,0.4,4,8769,50,marginal-hits-tuned,LRU2Q,cold,811970.9121534007,0,0.03478828368795011,0,50000,0,meta_202210_kv-68bb97a3d1e5cba2036e5d8600b986e1,/nfs/hongshu/thesis-playground/paper-exp/efficiency/work_dir_meta_fixed_thresh,,,
meta_202210_kv,1482478166,0.4,4,8769,500,marginal-hits-tuned,LRU2Q,cold,747861.98597413,0,0.03478828368795011,0,50000,0,meta_202210_kv-c6027327850122cd36a1323c1877b243,/nfs/hongshu/thesis-playground/paper-exp/efficiency/work_dir_meta_fixed_thresh,,,
meta_202210_kv,1482478166,0.4,4,8769,1000,marginal-hits-tuned,LRU2Q,cold,950899.018755441,0,0.03478828368795011,0,50000,0,meta_202210_kv-01a91ce311f36dfa5d3830a00918965f,/nfs/hongshu/thesis-playground/paper-exp/efficiency/work_dir_meta_fixed_thresh,,,
meta_202210_kv,1482478166,0.4,4,8769,100,marginal-hits-tuned,LRU2Q,cold,1015603.5686788225,0,0.03478828368795011,0,50000,0,meta_202210_kv-1b6dba6cce90ec80c7019bdffe6a9981,/nfs/hongshu/thesis-playground/paper-exp/efficiency/work_dir_meta_fixed_thresh,,,
meta_202210_kv,1482478166,0.4,4,8769,5,marginal-hits-tuned,LRU2Q,cold,979969.0059158107,54,0.034105590328134386,54,50000,0,meta_202210_kv-9d3a10fe3f117439f28cc4fb01c93a16,/nfs/hongshu/thesis-playground/paper-exp/efficiency/work_dir_meta_fixed_thresh,,,
meta_202210_kv,1482478166,0.4,4,8769,10,marginal-hits-tuned,TINYLFU,,916546.502546585,0,0.0353841042674756,0,50000,0,meta_202210_kv-a361ab919557b0b258c0e90fcff4f4ff,/nfs/hongshu/thesis-playground/paper-exp/efficiency/work_dir_meta_fixed_thresh,,,
meta_202210_kv,1482478166,0.4,4,8769,2,marginal-hits-tuned,TINYLFU,,929747.4727538447,432,0.03276788833327074,432,50000,0,meta_202210_kv-270f07f7e63838b700f8752be39ddabb,/nfs/hongshu/thesis-playground/paper-exp/efficiency/work_dir_meta_fixed_thresh,,,
meta_202210_kv,1482478166,0.4,4,8769,500,marginal-hits-tuned,TINYLFU,,871648.8277922504,0,0.0353841042674756,0,50000,0,meta_202210_kv-8019d222201bdf230442fe6e4ade6355,/nfs/hongshu/thesis-playground/paper-exp/efficiency/work_dir_meta_fixed_thresh,,,
meta_202210_kv,1482478166,0.4,4,8769,20,marginal-hits-tuned,TINYLFU,,977047.291240139,0,0.0353841042674756,0,50000,0,meta_202210_kv-4f4597c2c6c2a72b2d03160ee135dd93,/nfs/hongshu/thesis-playground/paper-exp/efficiency/work_dir_meta_fixed_thresh,,,
meta_202210_kv,1482478166,0.4,4,8769,5,marginal-hits-tuned,TINYLFU,,734911.944756527,66,0.034356710384090744,66,50000,0,meta_202210_kv-914971e216de46b7831c419301ff2efe,/nfs/hongshu/thesis-playground/paper-exp/efficiency/work_dir_meta_fixed_thresh,,,
meta_202210_kv,1482478166,0.4,4,8769,50,marginal-hits-tuned,TINYLFU,,748258.3226877693,0,0.0353841042674756,0,50000,0,meta_202210_kv-da3a59d213b36c085d0e350434f3d70c,/nfs/hongshu/thesis-playground/paper-exp/efficiency/work_dir_meta_fixed_thresh,,,
meta_202210_kv,1482478166,0.4,4,8769,200,marginal-hits-tuned,TINYLFU,,796378.4138645659,0,0.0353841042674756,0,50000,0,meta_202210_kv-4718328c01cadeb71c61f31590addfe4,/nfs/hongshu/thesis-playground/paper-exp/efficiency/work_dir_meta_fixed_thresh,,,
meta_202210_kv,1482478166,0.4,4,8769,1000,marginal-hits-tuned,TINYLFU,,756542.1659115987,0,0.0353841042674756,0,50000,0,meta_202210_kv-23a6ff6e12a65aac23dead5b009274c3,/nfs/hongshu/thesis-playground/paper-exp/efficiency/work_dir_meta_fixed_thresh,,,
meta_202210_kv,1482478166,0.4,4,8769,100,marginal-hits-tuned,TINYLFU,,787473.4429425986,0,0.0353841042674756,0,50000,0,meta_202210_kv-88dc532e7edff7201f525bb8764886d5,/nfs/hongshu/thesis-playground/paper-exp/efficiency/work_dir_meta_fixed_thresh,,,
