trace_name,number_of_requests,wsr,slab_size,slab_cnt,rebalance_strategy,allocator,tag,throughput,rebalanced_slabs,miss_ratio,n_rebalanced_slabs,monitor_interval,n_alloc_failures,uuid,rebalanceDiffRatio,slab_cnt.1,miss_ratio_reduction_from_disabled,miss_ratio_reduction_from_lru_disabled,tuned_improvement
synth_dynamic_400,80000000,0.01,4,8,tail-age,LRU,,521080.197424438,2.0,0.7181417,2,50000,0,synth_dynamic_400-11668f46e81c409d7c65ef017629cae2,0.25,8,0.001388225,0.001388225,
synth_dynamic_400,80000000,0.01,4,8,marginal-hits,LRU,,592453.4982517357,1598.0,0.7256837125,1598,50000,0,synth_dynamic_400-7a482e59a94c2b56541f4f9c3ccd7c71,,8,-0.0061537874999999,-0.0061537874999999,
synth_dynamic_400,80000000,0.01,4,8,free-mem,LRU,,618162.2684176618,,0.719529925,0,50000,0,synth_dynamic_400-38dc9eb7556bb7a692df3288589718c3,,8,0.0,0.0,
synth_dynamic_400,80000000,0.01,4,8,hits,LRU,,507587.6997860496,,0.719529925,0,50000,0,synth_dynamic_400-fcf2518c8d024f8776214a138135a001,0.1,8,0.0,0.0,
synth_dynamic_400,80000000,0.01,4,8,marginal-hits-tuned,LRU,,540891.0860926713,152.0,0.7195994,152,50000,0,synth_dynamic_400-7fe10e9be7258cd0fd077900084ede10,,8,-6.947499999998552e-05,-6.947499999998552e-05,0.0060843124999999
synth_dynamic_400,80000000,0.01,4,8,disabled,LRU,,577569.1288747882,,0.719529925,0,50000,0,synth_dynamic_400-ea6861b0886cc926d2c84ebac3f010e6,,8,0.0,0.0,
synth_dynamic_400,80000000,0.01,4,8,marginal-hits-tuned,LRU2Q,cold,565657.9719548482,6.0,0.6923154875,6,50000,0,synth_dynamic_400-4d9fad168a9c9db3c22d1608277b76b2,,8,0.0015385999999999,0.0272144374999999,0.001475475
synth_dynamic_400,80000000,0.01,4,8,tail-age,LRU2Q,,733188.7195721541,,0.6938540875,0,50000,0,synth_dynamic_400-99a34687db0f2680cc47acdec54ae3df,0.25,8,0.0,0.0256758375,
synth_dynamic_400,80000000,0.01,4,8,hits,LRU2Q,,489232.3927688618,,0.6938540875,0,50000,0,synth_dynamic_400-4b8594f056c9b12cf3772ff8a9f601d5,0.1,8,0.0,0.0256758375,
synth_dynamic_400,80000000,0.01,4,8,free-mem,LRU2Q,,543564.9076638074,,0.6938540875,0,50000,0,synth_dynamic_400-7bc9b52ee3b5bc054325aa2b44156c46,,8,0.0,0.0256758375,
synth_dynamic_400,80000000,0.01,4,8,disabled,LRU2Q,,625018.6103881224,,0.6938540875,0,50000,0,synth_dynamic_400-84afacc1e1f3ebce18636c82e6e92cf4,,8,0.0,0.0256758375,
synth_dynamic_400,80000000,0.01,4,8,marginal-hits,LRU2Q,cold,484514.00348683365,93.0,0.6937909625,93,50000,0,synth_dynamic_400-b06c7986c30a71cd3c01080bdda56e98,,8,6.31249999999417e-05,0.0257389624999999,
synth_dynamic_400,80000000,0.01,4,8,free-mem,TINYLFU,,501379.5183097688,,0.6930945375,0,50000,0,synth_dynamic_400-69e61153303e3f73ecf4230dc9837522,,8,0.0,0.0264353874999999,
synth_dynamic_400,80000000,0.01,4,8,marginal-hits-tuned,TINYLFU,,479122.3312305986,135.0,0.6865532875,135,50000,0,synth_dynamic_400-7bbd5dabb6bb852d9b05511b045447da,,8,0.00654125,0.0329766375,0.0154359499999999
synth_dynamic_400,80000000,0.01,4,8,disabled,TINYLFU,,418940.8991597439,,0.6930945375,0,50000,0,synth_dynamic_400-e61429106e4e5c06419ba8dfb1493869,,8,0.0,0.0264353874999999,
synth_dynamic_400,80000000,0.01,4,8,hits,TINYLFU,,511226.9869502109,,0.6930945375,0,50000,0,synth_dynamic_400-082bdbd70dc6918a7e07a5642d65d1cd,0.1,8,0.0,0.0264353874999999,
synth_dynamic_400,80000000,0.01,4,8,tail-age,TINYLFU,,427845.5297586481,506.0,0.68589095,506,50000,0,synth_dynamic_400-6d132456093980b17c96cf78a775effc,0.25,8,0.0072035875,0.033638975,
synth_dynamic_400,80000000,0.01,4,8,marginal-hits,TINYLFU,,467335.1181755664,1598.0,0.7019892375,1598,50000,0,synth_dynamic_400-5acdccf3dc747f4e7fda920a8595ddb8,,8,-0.0088946999999999,0.0175406875,
synth_dynamic_400,80000000,0.02,4,15,marginal-hits-tuned,LRU,,546292.4571065524,37.0,0.6691438125,37,50000,0,synth_dynamic_400-41b9e7ae9bd500482eadd534b4ca1297,,15,0.012582575,0.012582575,0.0045530999999999
synth_dynamic_400,80000000,0.02,4,15,free-mem,LRU,,555407.1478112029,,0.6817263875,0,50000,0,synth_dynamic_400-b9fd4daadcc5bc6368e4d33ed3af4caf,,15,0.0,0.0,
synth_dynamic_400,80000000,0.02,4,15,marginal-hits,LRU,,540917.004214573,1598.0,0.6736969125,1598,50000,0,synth_dynamic_400-26d0edd244abb62f848768e9e692a68c,,15,0.008029475,0.008029475,
synth_dynamic_400,80000000,0.02,4,15,tail-age,LRU,,566267.0499379318,5.0,0.672927075,5,50000,0,synth_dynamic_400-48e1a9c3b5567d883fe593e2bb1fae4b,0.25,15,0.0087993124999999,0.0087993124999999,
synth_dynamic_400,80000000,0.02,4,15,disabled,LRU,,594930.814167549,,0.6817263875,0,50000,0,synth_dynamic_400-89fb00867eb56dc930d396d73c6c8b7b,,15,0.0,0.0,
synth_dynamic_400,80000000,0.02,4,15,hits,LRU,,688963.9068211035,5.0,0.675850925,5,50000,0,synth_dynamic_400-f8c110c11c1b52e528ea14c107aca8bf,0.1,15,0.0058754625,0.0058754625,
synth_dynamic_400,80000000,0.02,4,15,marginal-hits,LRU2Q,cold,547048.0718881986,783.0,0.659594375,783,50000,0,synth_dynamic_400-22d03bc1bec81b119ffad5045ca09862,,15,-0.0003664374999999,0.0221320125,
synth_dynamic_400,80000000,0.02,4,15,tail-age,LRU2Q,,575225.2039268869,6.0,0.658148425,6,50000,0,synth_dynamic_400-bba06047d9f24928366fbfb97affbcc0,0.25,15,0.0010795124999999,0.0235779624999999,
synth_dynamic_400,80000000,0.02,4,15,disabled,LRU2Q,,612412.3797547177,,0.6592279375,0,50000,0,synth_dynamic_400-4dd91d1c03160c33d0194ee961b2be75,,15,0.0,0.02249845,
synth_dynamic_400,80000000,0.02,4,15,free-mem,LRU2Q,,598960.9262149057,,0.6592279375,0,50000,0,synth_dynamic_400-9955ea701d177570964c476cf65b5bae,,15,0.0,0.02249845,
synth_dynamic_400,80000000,0.02,4,15,hits,LRU2Q,,503536.5065394641,5.0,0.6532018625,5,50000,0,synth_dynamic_400-a2d414881adf6c02b1eaf87d3b1a8762,0.1,15,0.0060260749999999,0.028524525,
synth_dynamic_400,80000000,0.02,4,15,marginal-hits-tuned,LRU2Q,cold,548986.445287291,72.0,0.655052825,72,50000,0,synth_dynamic_400-06519c506f12147bd3b6873f4488a516,,15,0.0041751125,0.0266735625,0.00454155
synth_dynamic_400,80000000,0.02,4,15,disabled,TINYLFU,,536987.4049751231,,0.65921355,0,50000,0,synth_dynamic_400-53891b84ae9d765469f7ed9052bf70ff,,15,0.0,0.0225128374999999,
synth_dynamic_400,80000000,0.02,4,15,marginal-hits-tuned,TINYLFU,,452008.9507035033,44.0,0.642693525,44,50000,0,synth_dynamic_400-e0e2cbb182a695df21b63cc40e29d4b9,,15,0.016520025,0.0390328625,0.0135047124999999
synth_dynamic_400,80000000,0.02,4,15,hits,TINYLFU,,557150.3645886148,5.0,0.65268635,5,50000,0,synth_dynamic_400-38cf3dd4668325707b2a053ec89d5428,0.1,15,0.0065272,0.0290400375,
synth_dynamic_400,80000000,0.02,4,15,tail-age,TINYLFU,,457949.5663215108,986.0,0.6450017875,986,50000,0,synth_dynamic_400-4d95c4f4425e34a51ad9fd981b8a8536,0.25,15,0.0142117625,0.0367245999999999,
synth_dynamic_400,80000000,0.02,4,15,marginal-hits,TINYLFU,,485457.4564482501,1598.0,0.6561982375,1598,50000,0,synth_dynamic_400-0bfed0d35593b64e863e650c1606017c,,15,0.0030153125,0.02552815,
synth_dynamic_400,80000000,0.02,4,15,free-mem,TINYLFU,,452607.25901396654,,0.65921355,0,50000,0,synth_dynamic_400-fa04e632f11e926c450b7a9e560de01c,,15,0.0,0.0225128374999999,
synth_dynamic_400,80000000,0.04,4,30,tail-age,LRU,,605104.0056095939,11.0,0.60621075,11,50000,0,synth_dynamic_400-513259fe14c3ac86e5534ee83fc01627,0.25,30,0.0242676874999999,0.0242676874999999,
synth_dynamic_400,80000000,0.04,4,30,free-mem,LRU,,573676.8297285847,,0.6304784375,0,50000,0,synth_dynamic_400-4efe4e53b77499f820d18cd9c52d8314,,30,0.0,0.0,
synth_dynamic_400,80000000,0.04,4,30,hits,LRU,,605416.5696056926,15.0,0.6297929625,15,50000,0,synth_dynamic_400-a350470daa87a2598ada84f50fc94b2f,0.1,30,0.0006854749999999,0.0006854749999999,
synth_dynamic_400,80000000,0.04,4,30,marginal-hits-tuned,LRU,,510654.3772161253,106.0,0.5956874625,106,50000,0,synth_dynamic_400-607f2d5cc8ef856afad92ece65af27a8,,30,0.0347909749999999,0.0347909749999999,0.0054441374999999
synth_dynamic_400,80000000,0.04,4,30,disabled,LRU,,586718.4055272763,,0.6304784375,0,50000,0,synth_dynamic_400-f9252e2cff4f73fb7551aadc22d8501e,,30,0.0,0.0,
synth_dynamic_400,80000000,0.04,4,30,marginal-hits,LRU,,592922.2243389292,1596.0,0.6011316,1596,50000,0,synth_dynamic_400-0368829b6db92b8cd81a7b9ac9c25327,,30,0.0293468375,0.0293468375,
synth_dynamic_400,80000000,0.04,4,30,marginal-hits,LRU2Q,cold,545194.7508156045,834.0,0.5845824125,834,50000,0,synth_dynamic_400-30ddff0d43232110858557bc45b404fa,,30,0.0276218999999999,0.045896025,
synth_dynamic_400,80000000,0.04,4,30,tail-age,LRU2Q,,500454.5441047484,14.0,0.6152377625,14,50000,0,synth_dynamic_400-0a0abe86176a4a41144068cf08ad9ff4,0.25,30,-0.0030334499999999,0.015240675,
synth_dynamic_400,80000000,0.04,4,30,marginal-hits-tuned,LRU2Q,cold,612404.4281503982,80.0,0.5788887625,80,50000,0,synth_dynamic_400-ac3b8442ac2e273b5f282b029f086ed9,,30,0.0333155499999999,0.051589675,0.0056936499999999
synth_dynamic_400,80000000,0.04,4,30,hits,LRU2Q,,566986.755142666,13.0,0.61195,13,50000,0,synth_dynamic_400-b6bf877bf7b162b97ffaf8a008019694,0.1,30,0.0002543124999999,0.0185284374999999,
synth_dynamic_400,80000000,0.04,4,30,free-mem,LRU2Q,,502576.1209106313,,0.6122043125,0,50000,0,synth_dynamic_400-f8c3d8f8a2e3919c0b5d97cbdb384146,,30,0.0,0.018274125,
synth_dynamic_400,80000000,0.04,4,30,disabled,LRU2Q,,588310.6814163334,,0.6122043125,0,50000,0,synth_dynamic_400-0b3cf6ab0e7fd31432a60616738ce180,,30,0.0,0.018274125,
synth_dynamic_400,80000000,0.04,4,30,hits,TINYLFU,,514862.75989920937,13.0,0.610535975,13,50000,0,synth_dynamic_400-a1f30624612e927ff827126ca73691e6,0.1,30,0.00103715,0.0199424624999999,
synth_dynamic_400,80000000,0.04,4,30,marginal-hits-tuned,TINYLFU,,420262.0146879279,94.0,0.5692133,94,50000,0,synth_dynamic_400-617177b1c57a831727a3aff302be5788,,30,0.042359825,0.0612651374999999,0.0133951124999999
synth_dynamic_400,80000000,0.04,4,30,marginal-hits,TINYLFU,,490156.2825106456,1596.0,0.5826084125,1596,50000,0,synth_dynamic_400-517f4e6741dae7b35e8069728455a48e,,30,0.0289647125000001,0.047870025,
synth_dynamic_400,80000000,0.04,4,30,disabled,TINYLFU,,468376.8662320807,,0.611573125,0,50000,0,synth_dynamic_400-11f71e9a5709a10f66d4775c7eb90d78,,30,0.0,0.0189053124999999,
synth_dynamic_400,80000000,0.04,4,30,tail-age,TINYLFU,,551052.8116296711,1096.0,0.58854615,1096,50000,0,synth_dynamic_400-f09db74bef9ce7e0077f908bfdb45dc1,0.25,30,0.023026975,0.0419322875,
synth_dynamic_400,80000000,0.04,4,30,free-mem,TINYLFU,,467491.5224016187,,0.611573125,0,50000,0,synth_dynamic_400-dd86e7300661adee91038f8d9da77a33,,30,0.0,0.0189053124999999,
synth_dynamic_400,80000000,0.1,4,75,marginal-hits,LRU,,595729.3381094054,1590.0,0.4448077375,1590,50000,0,synth_dynamic_400-98bc160017310cf2b1266b00b970283b,,75,0.0920849,0.0920849,
synth_dynamic_400,80000000,0.1,4,75,tail-age,LRU,,518053.6518291563,24.0,0.4797894125,24,50000,0,synth_dynamic_400-3964f31fc7e1c3ba906eda7f67b6e62b,0.25,75,0.057103225,0.057103225,
synth_dynamic_400,80000000,0.1,4,75,hits,LRU,,571838.911006154,56.0,0.5158171625,56,50000,0,synth_dynamic_400-d5b1bf369152e25cb8a1e07d890f0080,0.1,75,0.021075475,0.021075475,
synth_dynamic_400,80000000,0.1,4,75,disabled,LRU,,551565.2819641347,,0.5368926375,0,50000,0,synth_dynamic_400-959f9577045781bdae907396aafdd4e9,,75,0.0,0.0,
synth_dynamic_400,80000000,0.1,4,75,free-mem,LRU,,610170.253778545,,0.5368926375,0,50000,0,synth_dynamic_400-83076812315d2daf3db6eaa28575b5d8,,75,0.0,0.0,
synth_dynamic_400,80000000,0.1,4,75,marginal-hits-tuned,LRU,,572340.1556927566,214.0,0.4396088,214,50000,0,synth_dynamic_400-015f9eb9ac91a9c092ef31a325190dd1,,75,0.0972838375,0.0972838375,0.0051989375
synth_dynamic_400,80000000,0.1,4,75,marginal-hits,LRU2Q,cold,579510.8829575934,848.0,0.4327740375,848,50000,0,synth_dynamic_400-bfe2ffda4d452e7b00ce2e6a5f1b396f,,75,0.0911711124999999,0.1041186,
synth_dynamic_400,80000000,0.1,4,75,marginal-hits-tuned,LRU2Q,cold,541631.8447181148,114.0,0.42838675,114,50000,0,synth_dynamic_400-d790d104112dea5887823b94a306f378,,75,0.0955583999999999,0.1085058875,0.0043872875
synth_dynamic_400,80000000,0.1,4,75,tail-age,LRU2Q,,649552.1489473524,64.0,0.47293875,64,50000,0,synth_dynamic_400-193ca1746464f8a991c469a95ab202ae,0.25,75,0.0510063999999999,0.0639538875,
synth_dynamic_400,80000000,0.1,4,75,hits,LRU2Q,,536022.0551177036,56.0,0.4973750875,56,50000,0,synth_dynamic_400-23ec6663a367006c9c09ceae7e9c50ff,0.1,75,0.0265700624999999,0.03951755,
synth_dynamic_400,80000000,0.1,4,75,disabled,LRU2Q,,496391.5441376647,,0.52394515,0,50000,0,synth_dynamic_400-0725058be31f6b9a00bf610a27df52a1,,75,0.0,0.0129474875,
synth_dynamic_400,80000000,0.1,4,75,free-mem,LRU2Q,,622116.6581213758,,0.52394515,0,50000,0,synth_dynamic_400-332fdc8f6932674a78dd84b606fc905a,,75,0.0,0.0129474875,
synth_dynamic_400,80000000,0.1,4,75,free-mem,TINYLFU,,502749.1389626463,,0.5170578125,0,50000,0,synth_dynamic_400-4a7bc5663f6cd2ec5f2af7d78441b14a,,75,0.0,0.019834825,
synth_dynamic_400,80000000,0.1,4,75,tail-age,TINYLFU,,490049.39645566745,1107.0,0.463461225,1107,50000,0,synth_dynamic_400-d0a06c52cbca80f40c31ad07ef960086,0.25,75,0.0535965875,0.0734314125,
synth_dynamic_400,80000000,0.1,4,75,disabled,TINYLFU,,512065.07580572553,,0.5170578125,0,50000,0,synth_dynamic_400-e15695d7f91dadf8b6a12a12d6361208,,75,0.0,0.019834825,
synth_dynamic_400,80000000,0.1,4,75,hits,TINYLFU,,519835.8864047659,57.0,0.4793716875,57,50000,0,synth_dynamic_400-0e6ef1d1febf7f7a4472e484ec440e42,0.1,75,0.037686125,0.05752095,
synth_dynamic_400,80000000,0.1,4,75,marginal-hits,TINYLFU,,426012.2188279415,1590.0,0.42931675,1590,50000,0,synth_dynamic_400-c30cf6cb9e8b08dd74fe8e9201a55275,,75,0.0877410625,0.1075758875,
synth_dynamic_400,80000000,0.1,4,75,marginal-hits-tuned,TINYLFU,,493847.0091501408,208.0,0.4139252125,208,50000,0,synth_dynamic_400-eb8cfa456f71ba4af022fe55c1e631b0,,75,0.1031326,0.122967425,0.0153915375
synth_dynamic_400,80000000,0.2,4,149,hits,LRU,,564487.0076186996,136.0,0.3108476625,136,50000,0,synth_dynamic_400-829320469b299a0dd6263565677ac005,0.1,149,0.1061648749999999,0.1061648749999999,
synth_dynamic_400,80000000,0.2,4,149,disabled,LRU,,594811.3433742806,,0.4170125375,0,50000,0,synth_dynamic_400-ef2a107a864aec3defebacf4581eb299,,149,0.0,0.0,
synth_dynamic_400,80000000,0.2,4,149,marginal-hits-tuned,LRU,,490133.84481565707,240.0,0.274604325,240,50000,0,synth_dynamic_400-eff5c275406200a339b9b401ca7cd391,,149,0.1424082125,0.1424082125,0.0048765375
synth_dynamic_400,80000000,0.2,4,149,free-mem,LRU,,599355.4209320113,,0.4170125375,0,50000,0,synth_dynamic_400-d2069cd411b656afbe5fb14ab5c6aeca,,149,0.0,0.0,
synth_dynamic_400,80000000,0.2,4,149,tail-age,LRU,,558576.2088184664,41.0,0.3229219375,41,50000,0,synth_dynamic_400-4d8ed6d7f79f2d9bb82188b8262e84e1,0.25,149,0.0940906,0.0940906,
synth_dynamic_400,80000000,0.2,4,149,marginal-hits,LRU,,529382.0928952385,1574.0,0.2794808625,1574,50000,0,synth_dynamic_400-d448c9a0a8779b9af3e338ad8370c18d,,149,0.137531675,0.137531675,
synth_dynamic_400,80000000,0.2,4,149,hits,LRU2Q,,621607.7566337296,137.0,0.30472,137,50000,0,synth_dynamic_400-b8d523f545281d693858ed85c9a93d1b,0.1,149,0.10520815,0.1122925375,
synth_dynamic_400,80000000,0.2,4,149,marginal-hits-tuned,LRU2Q,cold,479908.4490879742,229.0,0.268737225,229,50000,0,synth_dynamic_400-f736f1be3431834c084a9dcf9b3518de,,149,0.1411909249999999,0.1482753124999999,0.0086478249999999
synth_dynamic_400,80000000,0.2,4,149,free-mem,LRU2Q,,573906.4541690616,,0.40992815,0,50000,0,synth_dynamic_400-13de678afa38afaa11a43d6b8ba65240,,149,0.0,0.0070843875,
synth_dynamic_400,80000000,0.2,4,149,disabled,LRU2Q,,614523.6998774018,,0.40992815,0,50000,0,synth_dynamic_400-fb7763bec6c775d0e865571551ef82da,,149,0.0,0.0070843875,
synth_dynamic_400,80000000,0.2,4,149,tail-age,LRU2Q,,584616.2747707873,152.0,0.2978426125,152,50000,0,synth_dynamic_400-b37f83591f17a672784757ca9de6928e,0.25,149,0.1120855375,0.119169925,
synth_dynamic_400,80000000,0.2,4,149,marginal-hits,LRU2Q,cold,758865.5664036071,1574.0,0.27738505,1574,50000,0,synth_dynamic_400-3e98cfc0ba6b089c26441b4700c688c1,,149,0.1325430999999999,0.1396274874999999,
synth_dynamic_400,80000000,0.2,4,149,marginal-hits-tuned,TINYLFU,,467149.3381857402,804.0,0.2790845875,804,50000,0,synth_dynamic_400-af0a78e7afffc810886b3d85077aa4c6,,149,0.1233176875,0.13792795,0.0045736749999999
synth_dynamic_400,80000000,0.2,4,149,hits,TINYLFU,,510467.10080904816,143.0,0.300460575,143,50000,0,synth_dynamic_400-40f4719011577a75db87ef9607247912,0.1,149,0.1019416999999999,0.1165519625,
synth_dynamic_400,80000000,0.2,4,149,disabled,TINYLFU,,567252.587798302,,0.402402275,0,50000,0,synth_dynamic_400-0d68c9ab57512f43347468ec2be3ca04,,149,0.0,0.0146102625,
synth_dynamic_400,80000000,0.2,4,149,marginal-hits,TINYLFU,,593179.0510128358,1574.0,0.2836582625,1574,50000,0,synth_dynamic_400-2f5f975033ecbbc15ecfdc53ff87cfc0,,149,0.1187440125,0.133354275,
synth_dynamic_400,80000000,0.2,4,149,tail-age,TINYLFU,,509658.5608042015,893.0,0.3193881,893,50000,0,synth_dynamic_400-9b65955cb988f8c99b914522ecb8f658,0.25,149,0.0830141749999999,0.0976244375,
synth_dynamic_400,80000000,0.2,4,149,free-mem,TINYLFU,,493400.1293275675,,0.402402275,0,50000,0,synth_dynamic_400-2b37f2ecfdcdc9a16273bff89a386a22,,149,0.0,0.0146102625,
synth_dynamic_400,80000000,0.4,4,297,hits,LRU,,544875.6989328103,134.0,0.1856645375,134,50000,0,synth_dynamic_400-37cbd11e15acb1171c9140d4553825bb,0.1,297,0.0177300125,0.0177300125,
synth_dynamic_400,80000000,0.4,4,297,disabled,LRU,,619350.591724373,,0.20339455,0,50000,0,synth_dynamic_400-ee7fcbc8dbdb7fdf82f34d98628d3dcd,,297,0.0,0.0,
synth_dynamic_400,80000000,0.4,4,297,marginal-hits,LRU,,551932.5272584688,1478.0,0.1355107875,1478,50000,0,synth_dynamic_400-53d86a0cd15f2fc3e49b7fde39c1b244,,297,0.0678837625,0.0678837625,
synth_dynamic_400,80000000,0.4,4,297,marginal-hits-tuned,LRU,,604113.8784919512,463.0,0.1321456375,463,50000,0,synth_dynamic_400-72bb2f939f87fc98778da20a5c16b0be,,297,0.0712489125,0.0712489125,0.00336515
synth_dynamic_400,80000000,0.4,4,297,tail-age,LRU,,570802.7028345005,67.0,0.157216375,67,50000,0,synth_dynamic_400-8775bc5f8d24656c16bb03a778da13a1,0.25,297,0.046178175,0.046178175,
synth_dynamic_400,80000000,0.4,4,297,free-mem,LRU,,539424.1607334005,,0.20339455,0,50000,0,synth_dynamic_400-2a9e0a5ab1fdfddaaa526e7efb249a35,,297,0.0,0.0,
synth_dynamic_400,80000000,0.4,4,297,marginal-hits-tuned,LRU2Q,cold,492157.3741921945,543.0,0.1338669,543,50000,0,synth_dynamic_400-8632c6683b5b22ac9d4998010a8378ed,,297,0.0719029249999999,0.06952765,0.0050695374999999
synth_dynamic_400,80000000,0.4,4,297,hits,LRU2Q,,512694.4924649674,125.0,0.1880954,125,50000,0,synth_dynamic_400-ddcfa56ea91874595e53b03e12426db9,0.1,297,0.0176744249999999,0.01529915,
synth_dynamic_400,80000000,0.4,4,297,marginal-hits,LRU2Q,cold,588022.3922571535,1495.0,0.1389364375,1495,50000,0,synth_dynamic_400-70f7e184892759a58e002733a4d1e463,,297,0.0668333874999999,0.0644581125,
synth_dynamic_400,80000000,0.4,4,297,free-mem,LRU2Q,,561025.8824905838,,0.205769825,0,50000,0,synth_dynamic_400-148b9b486354fddc81853af6ce29fe93,,297,0.0,-0.0023752749999999,
synth_dynamic_400,80000000,0.4,4,297,disabled,LRU2Q,,529070.2892973382,,0.205769825,0,50000,0,synth_dynamic_400-e6285e3ebd8c30f872f2895737df4343,,297,0.0,-0.0023752749999999,
synth_dynamic_400,80000000,0.4,4,297,tail-age,LRU2Q,,693692.8706235093,153.0,0.1861227875,153,50000,0,synth_dynamic_400-ccb07fe22dfd1409a6b24a9823516b94,0.25,297,0.0196470374999999,0.0172717625,
synth_dynamic_400,80000000,0.4,4,297,marginal-hits,TINYLFU,,617489.3336635559,1482.0,0.1475998375,1482,50000,0,synth_dynamic_400-292cec75e8e629613e0cf0d836c7d94c,,297,0.076696175,0.0557947125,
synth_dynamic_400,80000000,0.4,4,297,marginal-hits-tuned,TINYLFU,,583668.2609901992,625.0,0.1480991875,625,50000,0,synth_dynamic_400-7b83d5d8e3fb87f2d37bc56dd6eafb10,,297,0.076196825,0.0552953625,-0.00049935
synth_dynamic_400,80000000,0.4,4,297,hits,TINYLFU,,484481.0205229764,139.0,0.2014394125,139,50000,0,synth_dynamic_400-74d9d11b46839ba485e0da778c1a51bf,0.1,297,0.0228566,0.0019551375,
synth_dynamic_400,80000000,0.4,4,297,tail-age,TINYLFU,,601560.6804315054,502.0,0.17956325,502,50000,0,synth_dynamic_400-68f11a9224367d5d3079baeba27a0078,0.25,297,0.0447327624999999,0.0238313,
synth_dynamic_400,80000000,0.4,4,297,disabled,TINYLFU,,487276.8113252912,,0.2242960125,0,50000,0,synth_dynamic_400-bc35e46f6652db1554adfa5848f9ce3d,,297,0.0,-0.0209014624999999,
synth_dynamic_400,80000000,0.4,4,297,free-mem,TINYLFU,,544292.9953018503,,0.2242960125,0,50000,0,synth_dynamic_400-16598a804384f7c61caa3c85e755ed85,,297,0.0,-0.0209014624999999,
synth_dynamic_400,80000000,0.8,4,593,hits,LRU,,569479.7174198912,75.0,0.07465415,75,50000,0,synth_dynamic_400-c3cec4f2f7ae38550ff7ca1ada441991,0.1,593,-0.00244155,-0.00244155,
synth_dynamic_400,80000000,0.8,4,593,marginal-hits-tuned,LRU,,520694.345561201,,0.0722126,0,50000,0,synth_dynamic_400-1d459708504e096fc78000c8f13e8a38,,593,0.0,0.0,0.012549475
synth_dynamic_400,80000000,0.8,4,593,disabled,LRU,,776247.5013439768,,0.0722126,0,50000,0,synth_dynamic_400-d220a0d2c815449feedc8fe2b7c626ef,,593,0.0,0.0,
synth_dynamic_400,80000000,0.8,4,593,tail-age,LRU,,656209.4778310189,140.0,0.0785792375,140,50000,0,synth_dynamic_400-ae4cb92ed997d5169cde570d77fb0caa,0.25,593,-0.0063666374999999,-0.0063666374999999,
synth_dynamic_400,80000000,0.8,4,593,free-mem,LRU,,681929.8618688066,,0.0722126,0,50000,0,synth_dynamic_400-afbb3e59fa8d4edba1a0afb36f903ec8,,593,0.0,0.0,
synth_dynamic_400,80000000,0.8,4,593,marginal-hits,LRU,,622913.1646063058,286.0,0.084762075,286,50000,0,synth_dynamic_400-ddd423b2797a16cedd6405343049e04e,,593,-0.012549475,-0.012549475,
synth_dynamic_400,80000000,0.8,4,593,hits,LRU2Q,,621276.1999885029,70.0,0.0863314625,70,50000,0,synth_dynamic_400-91ba5a8c0501bfec0ac604f386e59fc6,0.1,593,-0.0092069374999999,-0.0141188624999999,
synth_dynamic_400,80000000,0.8,4,593,free-mem,LRU2Q,,672771.6175654016,,0.077124525,0,50000,0,synth_dynamic_400-9bd362560e1256b47cf96b10f879d94e,,593,0.0,-0.0049119249999999,
synth_dynamic_400,80000000,0.8,4,593,marginal-hits-tuned,LRU2Q,cold,636338.7107579561,117.0,0.07710405,117,50000,0,synth_dynamic_400-df9ccd93424dd82d53228777ca689b22,,593,2.0475000000005905e-05,-0.0048914499999999,0.005856275
synth_dynamic_400,80000000,0.8,4,593,tail-age,LRU2Q,,660744.9089759956,172.0,0.0956726625,172,50000,0,synth_dynamic_400-f21164d9e9935d7148cd8935bdefaecc,0.25,593,-0.0185481375,-0.0234600625,
synth_dynamic_400,80000000,0.8,4,593,disabled,LRU2Q,,699163.8193427689,,0.077124525,0,50000,0,synth_dynamic_400-e8e7b01798ce9b0f13c04b9890d0a9ac,,593,0.0,-0.0049119249999999,
synth_dynamic_400,80000000,0.8,4,593,marginal-hits,LRU2Q,cold,605007.8622948221,369.0,0.082960325,369,50000,0,synth_dynamic_400-2d125071771a5b0cb04d24d4dab4a90d,,593,-0.0058358,-0.010747725,
synth_dynamic_400,80000000,0.8,4,593,marginal-hits-tuned,TINYLFU,,643140.4471216254,75.0,0.0878607125,75,50000,0,synth_dynamic_400-523afbe8b58a4ef47190009d8580cac7,,593,0.002445425,-0.0156481124999999,-0.0011282999999999
synth_dynamic_400,80000000,0.8,4,593,free-mem,TINYLFU,,548484.0239827215,,0.0903061375,0,50000,0,synth_dynamic_400-60b4ad0d6748bd640d143271fdd816df,,593,0.0,-0.0180935374999999,
synth_dynamic_400,80000000,0.8,4,593,hits,TINYLFU,,527733.1650773609,90.0,0.0996524625,90,50000,0,synth_dynamic_400-5f4cc0b9a9ad6e993c0545f73672e4b1,0.1,593,-0.009346325,-0.0274398624999999,
synth_dynamic_400,80000000,0.8,4,593,marginal-hits,TINYLFU,,566907.3919482809,298.0,0.0867324125,298,50000,0,synth_dynamic_400-10ca0d16596a5b4b83c9a9b22816889c,,593,0.003573725,-0.0145198124999999,
synth_dynamic_400,80000000,0.8,4,593,disabled,TINYLFU,,495998.5415649956,,0.0903061375,0,50000,0,synth_dynamic_400-1486772fa1ed21af93404eaba9963c29,,593,0.0,-0.0180935374999999,
synth_dynamic_400,80000000,0.8,4,593,tail-age,TINYLFU,,641237.1950003543,201.0,0.093007625,201,50000,0,synth_dynamic_400-4dd7d815bc8f97a59d037e81d9be020a,0.25,593,-0.0027014875,-0.0207950249999999,
synth_static_202,80000000,0.01,4,5,free-mem,LRU,,562137.7097773763,,0.7755512375,0,50000,0,synth_static_202-33e25b737ded9e548d9d5e4afe68542a,,5,0.0,0.0,
synth_static_202,80000000,0.01,4,5,tail-age,LRU,,589150.15850148,,0.7755512375,0,50000,0,synth_static_202-eb775cb91499c5bc00fec35bf734110e,0.25,5,0.0,0.0,
synth_static_202,80000000,0.01,4,5,hits,LRU,,566007.3131361901,,0.7755512375,0,50000,0,synth_static_202-eab807d202fa332099b993852537fc57,0.1,5,0.0,0.0,
synth_static_202,80000000,0.01,4,5,disabled,LRU,,485030.496601893,,0.7755512375,0,50000,0,synth_static_202-bfe11935e75697f1c20e960dc7378a67,,5,0.0,0.0,
synth_static_202,80000000,0.01,4,5,marginal-hits,LRU,,523715.02161009726,,0.7755512375,0,50000,0,synth_static_202-98999d2db4641fd33f0be2fa0961a0cf,,5,0.0,0.0,
synth_static_202,80000000,0.01,4,5,marginal-hits-tuned,LRU,,491133.17918044765,,0.7755512375,0,50000,0,synth_static_202-62cef8ebc496f5b018583974ac8a198e,,5,0.0,0.0,0.0
synth_static_202,80000000,0.01,4,5,marginal-hits,LRU2Q,cold,488677.9122803298,,0.7411098,0,50000,0,synth_static_202-aa3a123699200d5f500032d4b9cb781d,,5,0.0,0.0344414374999999,
synth_static_202,80000000,0.01,4,5,hits,LRU2Q,,502525.4700892291,,0.7411098,0,50000,0,synth_static_202-8cf90a2f08c66d9b90cdcecbe7ed42a6,0.1,5,0.0,0.0344414374999999,
synth_static_202,80000000,0.01,4,5,marginal-hits-tuned,LRU2Q,cold,539360.8248082622,,0.7411098,0,50000,0,synth_static_202-c880297787519db84466612e5980488c,,5,0.0,0.0344414374999999,0.0
synth_static_202,80000000,0.01,4,5,disabled,LRU2Q,,493633.2217670102,,0.7411098,0,50000,0,synth_static_202-75b90646401e2496bf932da16e316a8f,,5,0.0,0.0344414374999999,
synth_static_202,80000000,0.01,4,5,tail-age,LRU2Q,,516690.3445407855,,0.7411098,0,50000,0,synth_static_202-9c32a6da3fa8672ff8d2e6ac09daea3b,0.25,5,0.0,0.0344414374999999,
synth_static_202,80000000,0.01,4,5,free-mem,LRU2Q,,583600.809309753,,0.7411098,0,50000,0,synth_static_202-e6cb4a8deb8847777e585131f7ecd1b2,,5,0.0,0.0344414374999999,
synth_static_202,80000000,0.01,4,5,marginal-hits-tuned,TINYLFU,,450883.8974820156,,0.740522875,0,50000,0,synth_static_202-33698b7f3f2166e36cbee401e33a6e47,,5,0.0,0.0350283624999999,0.0
synth_static_202,80000000,0.01,4,5,marginal-hits,TINYLFU,,520078.85282533336,,0.740522875,0,50000,0,synth_static_202-93e9c996b3a86b23e766f2f578d451e8,,5,0.0,0.0350283624999999,
synth_static_202,80000000,0.01,4,5,disabled,TINYLFU,,439465.653053693,,0.740522875,0,50000,0,synth_static_202-b4fe637b416c6598387d1fcb63f99d8d,,5,0.0,0.0350283624999999,
synth_static_202,80000000,0.01,4,5,free-mem,TINYLFU,,517942.5096903557,,0.740522875,0,50000,0,synth_static_202-626bb403f72387f352636f05fb05139a,,5,0.0,0.0350283624999999,
synth_static_202,80000000,0.01,4,5,hits,TINYLFU,,466869.394800226,,0.740522875,0,50000,0,synth_static_202-f68b6373e8b193b897e3b71ad7aaa2c0,0.1,5,0.0,0.0350283624999999,
synth_static_202,80000000,0.01,4,5,tail-age,TINYLFU,,470470.5662550282,,0.740522875,0,50000,0,synth_static_202-9be38ddf9933d187d6cb3a1402d7f58c,0.25,5,0.0,0.0350283624999999,
synth_static_202,80000000,0.02,4,10,marginal-hits,LRU,,488365.9868372385,1598.0,0.724849125,1598,50000,0,synth_static_202-9bdae353d93f072d50bf95a72d0fc7dd,,10,0.0050822375,0.0050822375,
synth_static_202,80000000,0.02,4,10,disabled,LRU,,509064.934542252,,0.7299313625,0,50000,0,synth_static_202-fbcd25d324b8a08efd8a0129ec689553,,10,0.0,0.0,
synth_static_202,80000000,0.02,4,10,tail-age,LRU,,601662.0645952497,,0.7299313625,0,50000,0,synth_static_202-64bd33f908cb06f197cb52cb880efd7c,0.25,10,0.0,0.0,
synth_static_202,80000000,0.02,4,10,free-mem,LRU,,467703.5069093368,,0.7299313625,0,50000,0,synth_static_202-4709e461ed302118c9c09f34f24428b2,,10,0.0,0.0,
synth_static_202,80000000,0.02,4,10,hits,LRU,,530178.683412126,1.0,0.7195476125,1,50000,0,synth_static_202-96dcf4ccd7cf0e131ea4f32c3adfe0ef,0.1,10,0.01038375,0.01038375,
synth_static_202,80000000,0.02,4,10,marginal-hits-tuned,LRU,,603698.6042131583,108.0,0.7198651125,108,50000,0,synth_static_202-814a08eef215f3d8b1146ea997a76491,,10,0.01006625,0.01006625,0.0049840125
synth_static_202,80000000,0.02,4,10,tail-age,LRU2Q,,470754.9073982723,4.0,0.70943535,4,50000,0,synth_static_202-91dc116c0975fa1268d87d6e6d723a91,0.25,10,-0.0100942874999999,0.0204960124999999,
synth_static_202,80000000,0.02,4,10,marginal-hits,LRU2Q,cold,503112.01482265774,1107.0,0.71536985,1107,50000,0,synth_static_202-1c559964aadb8ea73d8e1c527586b35c,,10,-0.0160287874999999,0.0145615125,
synth_static_202,80000000,0.02,4,10,hits,LRU2Q,,555692.8416794279,1.0,0.6902780625,1,50000,0,synth_static_202-675c095264b0a0d45ae9e304d9e8f17e,0.1,10,0.009063,0.0396533,
synth_static_202,80000000,0.02,4,10,marginal-hits-tuned,LRU2Q,cold,579572.7290314453,35.0,0.7076814875,35,50000,0,synth_static_202-ab5725b625b8c4b714448f0e9742f6ba,,10,-0.0083404249999999,0.0222498749999999,0.0076883624999999
synth_static_202,80000000,0.02,4,10,disabled,LRU2Q,,561836.3692430197,,0.6993410625,0,50000,0,synth_static_202-6df1007d3918cdc6e628738af03be59f,,10,0.0,0.0305902999999999,
synth_static_202,80000000,0.02,4,10,free-mem,LRU2Q,,460661.1057946271,,0.6993410625,0,50000,0,synth_static_202-4e1aac1c0f6798daa2d035c2e15e25d1,,10,0.0,0.0305902999999999,
synth_static_202,80000000,0.02,4,10,marginal-hits,TINYLFU,,431234.463802942,1598.0,0.6982227625,1598,50000,0,synth_static_202-4104d32311df3816ecd00d84684bed77,,10,0.0058756249999999,0.0317085999999999,
synth_static_202,80000000,0.02,4,10,free-mem,TINYLFU,,551824.9645076424,,0.7040983875,0,50000,0,synth_static_202-2cc217faf5afddcff3d8e0e750095f01,,10,0.0,0.025832975,
synth_static_202,80000000,0.02,4,10,disabled,TINYLFU,,464036.6792118842,,0.7040983875,0,50000,0,synth_static_202-0e43ff7bd890207240e3f633ecf0bf48,,10,0.0,0.025832975,
synth_static_202,80000000,0.02,4,10,marginal-hits-tuned,TINYLFU,,450835.7358405434,20.0,0.680299725,20,50000,0,synth_static_202-e3a4bc820caeb6872c2ed0f1bd26f289,,10,0.0237986624999999,0.0496316374999999,0.0179230375
synth_static_202,80000000,0.02,4,10,tail-age,TINYLFU,,387043.55862641614,915.0,0.692944,915,50000,0,synth_static_202-8c1f10f5ada0dab42a03c2100c02af41,0.25,10,0.0111543874999999,0.0369873625,
synth_static_202,80000000,0.02,4,10,hits,TINYLFU,,487001.13753018336,1.0,0.6936462,1,50000,0,synth_static_202-3d78772a925d6ff6ad6543aa44c95eeb,0.1,10,0.0104521874999999,0.0362851625,
synth_static_202,80000000,0.04,4,20,tail-age,LRU,,597105.7320944121,,0.678711075,0,50000,0,synth_static_202-b7f106cba800455c7c2b4115907bad49,0.25,20,0.0,0.0,
synth_static_202,80000000,0.04,4,20,marginal-hits-tuned,LRU,,516827.34486215736,59.0,0.6640033625,59,50000,0,synth_static_202-bbc1b4363cec4fb71610b646d43b5147,,20,0.0147077125,0.0147077125,0.0060507249999999
synth_static_202,80000000,0.04,4,20,marginal-hits,LRU,,655855.0758984053,1597.0,0.6700540875,1597,50000,0,synth_static_202-e92f5dbd016fe977b9c6f29cf0870c03,,20,0.0086569875000001,0.0086569875000001,
synth_static_202,80000000,0.04,4,20,hits,LRU,,653643.2923582708,4.0,0.6673935875,4,50000,0,synth_static_202-272fccf04dbaa9d93a829682b902a556,0.1,20,0.0113174875,0.0113174875,
synth_static_202,80000000,0.04,4,20,free-mem,LRU,,546601.8877880229,,0.678711075,0,50000,0,synth_static_202-3d5d0b1b9fca738153c632cdfc3f8951,,20,0.0,0.0,
synth_static_202,80000000,0.04,4,20,disabled,LRU,,506502.0980949581,,0.678711075,0,50000,0,synth_static_202-b521910addf5061788dbf61059181a7b,,20,0.0,0.0,
synth_static_202,80000000,0.04,4,20,disabled,LRU2Q,,495880.0049822961,,0.6524791125,0,50000,0,synth_static_202-9ead53e10ca70859d642d916822d3ccb,,20,0.0,0.0262319625,
synth_static_202,80000000,0.04,4,20,marginal-hits,LRU2Q,cold,518689.86915231525,1597.0,0.6566394375,1597,50000,0,synth_static_202-3d59a63b9280d1479e85599988434d59,,20,-0.0041603249999999,0.0220716375,
synth_static_202,80000000,0.04,4,20,hits,LRU2Q,,455951.3552960223,4.0,0.643787975,4,50000,0,synth_static_202-a80fa5e4efab4295b8e6a894c41c3ce1,0.1,20,0.0086911375,0.0349231,
synth_static_202,80000000,0.04,4,20,tail-age,LRU2Q,,742145.7705294108,4.0,0.6615273875,4,50000,0,synth_static_202-4d27ac35be6be0c295cc36e9aef648f4,0.25,20,-0.0090482749999999,0.0171836875000001,
synth_static_202,80000000,0.04,4,20,marginal-hits-tuned,LRU2Q,cold,723330.6884782272,44.0,0.640865,44,50000,0,synth_static_202-d5e29b7cd8f6048c9d9edd7570c6812b,,20,0.0116141124999999,0.037846075,0.0157744374999999
synth_static_202,80000000,0.04,4,20,free-mem,LRU2Q,,567122.2301108653,,0.6524791125,0,50000,0,synth_static_202-20814c479b0be0a18cc600a673c2e28a,,20,0.0,0.0262319625,
synth_static_202,80000000,0.04,4,20,hits,TINYLFU,,481615.5729327766,4.0,0.641964525,4,50000,0,synth_static_202-f4ea105de5144cbcee1eaf99ba9c9769,0.1,20,0.0090822375,0.03674655,
synth_static_202,80000000,0.04,4,20,marginal-hits-tuned,TINYLFU,,466193.1461394651,67.0,0.6274421125,67,50000,0,synth_static_202-f6bd31ee0245fb281b5a69909acd52f5,,20,0.02360465,0.0512689625,0.0224194875
synth_static_202,80000000,0.04,4,20,tail-age,TINYLFU,,437708.4324605237,1234.0,0.654641125,1234,50000,0,synth_static_202-4976a912666f54cf21387495fec4fc75,0.25,20,-0.0035943625,0.02406995,
synth_static_202,80000000,0.04,4,20,marginal-hits,TINYLFU,,601897.9949460595,1597.0,0.6498616,1597,50000,0,synth_static_202-9781a98bbb10b2298cb9ff8730b747af,,20,0.0011851625,0.028849475,
synth_static_202,80000000,0.04,4,20,free-mem,TINYLFU,,393491.3436943536,,0.6510467625,0,50000,0,synth_static_202-3568faeb55dbea385bf10ac7e86439f6,,20,0.0,0.0276643125,
synth_static_202,80000000,0.04,4,20,disabled,TINYLFU,,476395.58422871085,,0.6510467625,0,50000,0,synth_static_202-0f69117743cef9404d781aaac7055074,,20,0.0,0.0276643125,
synth_static_202,80000000,0.1,4,49,free-mem,LRU,,539375.882146255,,0.5954881625,0,50000,0,synth_static_202-b17d4529129c54acbaa374bb21a367fa,,49,0.0,0.0,
synth_static_202,80000000,0.1,4,49,marginal-hits-tuned,LRU,,559589.0904175794,56.0,0.5848421875,56,50000,0,synth_static_202-991afbc980a8678008a59ecbab5b017e,,49,0.0106459749999999,0.0106459749999999,0.0055840749999999
synth_static_202,80000000,0.1,4,49,disabled,LRU,,523995.860875659,,0.5954881625,0,50000,0,synth_static_202-9074f6e0ba7eb477106877e49d3c367e,,49,0.0,0.0,
synth_static_202,80000000,0.1,4,49,tail-age,LRU,,479331.6871466371,,0.5954881625,0,50000,0,synth_static_202-74fe6242699912c513534431e1cde427,0.25,49,0.0,0.0,
synth_static_202,80000000,0.1,4,49,marginal-hits,LRU,,569445.5273686923,1593.0,0.5904262625,1593,50000,0,synth_static_202-483fc7e1e211f2cbcea3cb7147576026,,49,0.0050619,0.0050619,
synth_static_202,80000000,0.1,4,49,hits,LRU,,774339.2302918278,15.0,0.5912036,15,50000,0,synth_static_202-b8d26ee9b75674782adfa1dc2370be5d,0.1,49,0.0042845624999999,0.0042845624999999,
synth_static_202,80000000,0.1,4,49,tail-age,LRU2Q,,566542.2023723954,9.0,0.5841922125,9,50000,0,synth_static_202-68744316e2ef1e88452200bb13aa743f,0.25,49,-0.009754075,0.01129595,
synth_static_202,80000000,0.1,4,49,marginal-hits-tuned,LRU2Q,cold,520504.83266560046,75.0,0.5674357875,75,50000,0,synth_static_202-dbef11271808747f75f9f1b7f43e19eb,,49,0.0070023499999999,0.028052375,0.01188405
synth_static_202,80000000,0.1,4,49,marginal-hits,LRU2Q,cold,529646.7464760004,1593.0,0.5793198375,1593,50000,0,synth_static_202-81268733820a422c9a4197ad0fb2d72f,,49,-0.0048817000000001,0.0161683249999999,
synth_static_202,80000000,0.1,4,49,free-mem,LRU2Q,,511349.83533555776,,0.5744381375,0,50000,0,synth_static_202-e8b1008b2274d2454b9fcde8cac4c561,,49,0.0,0.021050025,
synth_static_202,80000000,0.1,4,49,disabled,LRU2Q,,510160.53998367314,,0.5744381375,0,50000,0,synth_static_202-8ef1fa429e72d5f837547f8e60942167,,49,0.0,0.021050025,
synth_static_202,80000000,0.1,4,49,hits,LRU2Q,,660625.6971453283,15.0,0.5766693625,15,50000,0,synth_static_202-f1f2e4604bd5fb5ebc57fde6b6e1655b,0.1,49,-0.002231225,0.0188188,
synth_static_202,80000000,0.1,4,49,marginal-hits-tuned,TINYLFU,,488657.38994581247,87.0,0.556734275,87,50000,0,synth_static_202-69e4d7addc6d8de67cc350fd5a4cdabc,,49,0.0106507875,0.0387538875,0.0159283125
synth_static_202,80000000,0.1,4,49,hits,TINYLFU,,450490.3604923469,16.0,0.5656184375,16,50000,0,synth_static_202-558b90429f9b6b3dec1da604e4ca13cc,0.1,49,0.001766625,0.029869725,
synth_static_202,80000000,0.1,4,49,tail-age,TINYLFU,,473867.9957653851,1178.0,0.5774378125,1178,50000,0,synth_static_202-14fd8227168af638a4fc389b8e1d76e6,0.25,49,-0.01005275,0.0180503499999999,
synth_static_202,80000000,0.1,4,49,disabled,TINYLFU,,500799.01482782746,,0.5673850625,0,50000,0,synth_static_202-9c8111a4b66b364daa13fef88c305dbd,,49,0.0,0.0281031,
synth_static_202,80000000,0.1,4,49,free-mem,TINYLFU,,471928.9683371575,,0.5673850625,0,50000,0,synth_static_202-45c8acce060ebf985ffe18b5e31223ff,,49,0.0,0.0281031,
synth_static_202,80000000,0.1,4,49,marginal-hits,TINYLFU,,443210.6096021565,1593.0,0.5726625875,1593,50000,0,synth_static_202-8c3da4382e76279bbf6f1af8f9409f94,,49,-0.005277525,0.022825575,
synth_static_202,80000000,0.2,4,98,marginal-hits,LRU,,581132.149559249,1586.0,0.4840755125,1586,50000,0,synth_static_202-de3c2d47c2e19ac97f138805fac0a51e,,98,0.0168512374999999,0.0168512374999999,
synth_static_202,80000000,0.2,4,98,disabled,LRU,,552557.8008436159,,0.50092675,0,50000,0,synth_static_202-ff822f8481933b548482f83245517dca,,98,0.0,0.0,
synth_static_202,80000000,0.2,4,98,hits,LRU,,484510.5111792025,37.0,0.5237981875,37,50000,0,synth_static_202-7233b8a36d37409bf7de3ef752a4ba93,0.1,98,-0.0228714374999999,-0.0228714374999999,
synth_static_202,80000000,0.2,4,98,marginal-hits-tuned,LRU,,488003.01402715134,149.0,0.478559675,149,50000,0,synth_static_202-5774a4ddddd3de59477e35392439e6a8,,98,0.0223670749999999,0.0223670749999999,0.0055158375
synth_static_202,80000000,0.2,4,98,free-mem,LRU,,527903.0193217951,,0.50092675,0,50000,0,synth_static_202-e5ae0f67dd97127c8360d5c56d33abe7,,98,0.0,0.0,
synth_static_202,80000000,0.2,4,98,tail-age,LRU,,497119.59326922445,,0.50092675,0,50000,0,synth_static_202-99f2b4cd33d5db262f134e335d1e6a50,0.25,98,0.0,0.0,
synth_static_202,80000000,0.2,4,98,marginal-hits,LRU2Q,cold,467478.49603606167,1586.0,0.4735311375,1586,50000,0,synth_static_202-492f82a26bc38291e07f50976c635915,,98,0.0121260875,0.0273956125,
synth_static_202,80000000,0.2,4,98,disabled,LRU2Q,,502919.7268713508,,0.485657225,0,50000,0,synth_static_202-5169940ff4285caf9cd630d2698aa6ef,,98,0.0,0.0152695249999999,
synth_static_202,80000000,0.2,4,98,free-mem,LRU2Q,,523432.1826737903,,0.485657225,0,50000,0,synth_static_202-7f06f950ed1f0f7e9a7dceeef88f32ef,,98,0.0,0.0152695249999999,
synth_static_202,80000000,0.2,4,98,hits,LRU2Q,,528849.5963643155,37.0,0.516892075,37,50000,0,synth_static_202-d0463613e5383a11319562413c82fa7a,0.1,98,-0.0312348499999999,-0.015965325,
synth_static_202,80000000,0.2,4,98,tail-age,LRU2Q,,506096.5364119098,17.0,0.5106963,17,50000,0,synth_static_202-9076a1600f74880ead171ed80021e22b,0.25,98,-0.0250390749999999,-0.00976955,
synth_static_202,80000000,0.2,4,98,marginal-hits-tuned,LRU2Q,cold,544548.5437530935,89.0,0.461932325,89,50000,0,synth_static_202-c6658e3cd747eecdbacd0eea3a4aa102,,98,0.0237249,0.038994425,0.0115988125
synth_static_202,80000000,0.2,4,98,hits,TINYLFU,,433532.461528382,36.0,0.50116255,36,50000,0,synth_static_202-5d85e6353224718505ce673d7ea24571,0.1,98,-0.0288383875,-0.0002358,
synth_static_202,80000000,0.2,4,98,free-mem,TINYLFU,,446734.35281153343,,0.4723241625,0,50000,0,synth_static_202-057c64c2c35b2c669c461d711d7842d5,,98,0.0,0.0286025875,
synth_static_202,80000000,0.2,4,98,tail-age,TINYLFU,,428704.424938101,1027.0,0.486172975,1027,50000,0,synth_static_202-c2f65e880949848e099aa0aa61f3d228,0.25,98,-0.0138488125,0.0147537749999999,
synth_static_202,80000000,0.2,4,98,marginal-hits,TINYLFU,,471255.84732498456,1586.0,0.460113875,1586,50000,0,synth_static_202-00830f138f4a831804a119ca9c8f7b9c,,98,0.0122102874999999,0.0408128749999999,
synth_static_202,80000000,0.2,4,98,disabled,TINYLFU,,463346.689763719,,0.4723241625,0,50000,0,synth_static_202-bc642a762d5528a0489cd42189790fa0,,98,0.0,0.0286025875,
synth_static_202,80000000,0.2,4,98,marginal-hits-tuned,TINYLFU,,455486.43716958654,230.0,0.4441721875,230,50000,0,synth_static_202-f0e4b178ecb74b8a17ba129af795b5a4,,98,0.0281519749999999,0.0567545624999999,0.0159416875
synth_static_202,80000000,0.4,4,196,marginal-hits,LRU,,539023.7186437999,1564.0,0.2919851875,1564,50000,0,synth_static_202-9267d383d71dd82c3bae70153e6026c6,,196,0.0606300374999999,0.0606300374999999,
synth_static_202,80000000,0.4,4,196,hits,LRU,,576083.5523854023,65.0,0.4293784125,65,50000,0,synth_static_202-1d1d9ca764080a1481b1c5d038158d7a,0.1,196,-0.0767631875,-0.0767631875,
synth_static_202,80000000,0.4,4,196,marginal-hits-tuned,LRU,,458190.71903383895,167.0,0.2842805,167,50000,0,synth_static_202-dd6a667d3bffe3b26eb0f8af09871d2b,,196,0.0683347249999999,0.0683347249999999,0.0077046875
synth_static_202,80000000,0.4,4,196,disabled,LRU,,552265.522264741,,0.352615225,0,50000,0,synth_static_202-fa50986c6f0ee1226ad4e9c6969daf27,,196,0.0,0.0,
synth_static_202,80000000,0.4,4,196,tail-age,LRU,,541059.8090634313,,0.352615225,0,50000,0,synth_static_202-f67f485887b43ba44cb48c9f373414fe,0.25,196,0.0,0.0,
synth_static_202,80000000,0.4,4,196,free-mem,LRU,,506506.01436491904,,0.352615225,0,50000,0,synth_static_202-36c1ff54695a30488f90fd0c5c45fe2a,,196,0.0,0.0,
synth_static_202,80000000,0.4,4,196,hits,LRU2Q,,526231.4853617672,61.0,0.4196438,61,50000,0,synth_static_202-7692454f0742d1b3ac350bb3ec1e21c4,0.1,196,-0.0745871874999999,-0.067028575,
synth_static_202,80000000,0.4,4,196,disabled,LRU2Q,,543751.7030880228,,0.3450566125,0,50000,0,synth_static_202-efaf72c7dcca7d2df34853cfe1c70dc4,,196,0.0,0.0075586124999999,
synth_static_202,80000000,0.4,4,196,tail-age,LRU2Q,,585376.1714218358,25.0,0.382763975,25,50000,0,synth_static_202-497eeff2ff4c6634412a72cc44ce7775,0.25,196,-0.0377073624999999,-0.03014875,
synth_static_202,80000000,0.4,4,196,marginal-hits,LRU2Q,cold,587817.7198416617,1564.0,0.2844966375,1564,50000,0,synth_static_202-0c2ca8a6d075f72f8a9b7a92f29c4193,,196,0.060559975,0.0681185875,
synth_static_202,80000000,0.4,4,196,free-mem,LRU2Q,,529658.6879202516,,0.3450566125,0,50000,0,synth_static_202-b414e4be0468a5f42338d6d6467d9199,,196,0.0,0.0075586124999999,
synth_static_202,80000000,0.4,4,196,marginal-hits-tuned,LRU2Q,cold,606895.3696070588,162.0,0.2734949875,162,50000,0,synth_static_202-b779de9ef29e2e7443fb4d7704940848,,196,0.071561625,0.0791202374999999,0.0110016499999999
synth_static_202,80000000,0.4,4,196,marginal-hits-tuned,TINYLFU,,497319.05221399,159.0,0.25638985,159,50000,0,synth_static_202-d945363e460110f8caba19479b0754df,,196,0.0769758625,0.096225375,0.0177875875
synth_static_202,80000000,0.4,4,196,hits,TINYLFU,,477065.1641993766,55.0,0.3975648,55,50000,0,synth_static_202-bfd5f72924f216604dafccbae0d596b4,0.1,196,-0.0641990874999999,-0.044949575,
synth_static_202,80000000,0.4,4,196,free-mem,TINYLFU,,467343.0665751562,,0.3333657125,0,50000,0,synth_static_202-ec48e0a72fc638295dfe0c2369d52dd0,,196,0.0,0.0192495124999999,
synth_static_202,80000000,0.4,4,196,disabled,TINYLFU,,481241.17133602686,,0.3333657125,0,50000,0,synth_static_202-9a7f03082b239e4e9e29169984c05176,,196,0.0,0.0192495124999999,
synth_static_202,80000000,0.4,4,196,tail-age,TINYLFU,,466509.2467080437,682.0,0.34649535,682,50000,0,synth_static_202-0727468df3f296139f52f86522aaf964,0.25,196,-0.0131296374999999,0.0061198749999999,
synth_static_202,80000000,0.4,4,196,marginal-hits,TINYLFU,,553816.966674691,1564.0,0.2741774375,1564,50000,0,synth_static_202-66c8b2074602f2b06cb48cd141b3167f,,196,0.059188275,0.0784377874999999,
synth_static_202,80000000,0.8,4,391,disabled,LRU,,651643.594410177,,0.1193873875,0,50000,0,synth_static_202-0aef2cadd56566225c5227ce5793d398,,391,0.0,0.0,
synth_static_202,80000000,0.8,4,391,tail-age,LRU,,493870.4579217639,,0.1193873875,0,50000,0,synth_static_202-281067b4ff0e646554ce2af9c58f1043,0.25,391,0.0,0.0,
synth_static_202,80000000,0.8,4,391,free-mem,LRU,,563769.3093919186,,0.1193873875,0,50000,0,synth_static_202-a86bcafa2b12f8c5e6a69fa456f314b0,,391,0.0,0.0,
synth_static_202,80000000,0.8,4,391,hits,LRU,,577051.9480828049,29.0,0.1479471625,29,50000,0,synth_static_202-fdbbc04b8e8316d2f374db9eecaae30f,0.1,391,-0.028559775,-0.028559775,
synth_static_202,80000000,0.8,4,391,marginal-hits,LRU,,538767.8864188035,1319.0,0.078515325,1319,50000,0,synth_static_202-1cab3c8fc4eb7992ea5b24fcb14333dd,,391,0.0408720625,0.0408720625,
synth_static_202,80000000,0.8,4,391,marginal-hits-tuned,LRU,,519260.24057031545,122.0,0.0718634625,122,50000,0,synth_static_202-66dcec7777683765523f7e061027d13b,,391,0.0475239249999999,0.0475239249999999,0.0066518624999999
synth_static_202,80000000,0.8,4,391,marginal-hits,LRU2Q,cold,579581.4863464955,1302.0,0.0776242875,1302,50000,0,synth_static_202-1182b791581d6c70f546c5ebed05c0a3,,391,0.0410861374999999,0.0417631,
synth_static_202,80000000,0.8,4,391,marginal-hits-tuned,LRU2Q,cold,625664.8433991079,116.0,0.07127855,116,50000,0,synth_static_202-c8bb0816f55b3b34892b43de4a93bd33,,391,0.047431875,0.0481088375,0.0063457375
synth_static_202,80000000,0.8,4,391,free-mem,LRU2Q,,700967.0485482125,,0.118710425,0,50000,0,synth_static_202-4d0385ef35895f7f52765e8b58551240,,391,0.0,0.0006769625,
synth_static_202,80000000,0.8,4,391,hits,LRU2Q,,689846.2380202048,28.0,0.1465700125,28,50000,0,synth_static_202-9c7ad604e5a53de4c809a7db3413c468,0.1,391,-0.0278595875,-0.027182625,
synth_static_202,80000000,0.8,4,391,tail-age,LRU2Q,,585862.5023007398,26.0,0.1435979875,26,50000,0,synth_static_202-8eea83c8c9fd62af2338e78b78962f14,0.25,391,-0.0248875625,-0.0242106,
synth_static_202,80000000,0.8,4,391,disabled,LRU2Q,,496835.3345687194,,0.118710425,0,50000,0,synth_static_202-b2045245b70cbb72d53ca8dc9f7c562e,,391,0.0,0.0006769625,
synth_static_202,80000000,0.8,4,391,free-mem,TINYLFU,,493550.413907879,,0.1151436,0,50000,0,synth_static_202-969e72f344a63b657cf161cca0a2b596,,391,0.0,0.0042437874999999,
synth_static_202,80000000,0.8,4,391,hits,TINYLFU,,547548.4937283562,27.0,0.1413113,27,50000,0,synth_static_202-e42a960b62d4069a7e2698c1821832b3,0.1,391,-0.0261677,-0.0219239125,
synth_static_202,80000000,0.8,4,391,tail-age,TINYLFU,,516117.42335872265,199.0,0.124151575,199,50000,0,synth_static_202-6d1e3592613bdcbf150801154300bc7c,0.25,391,-0.009007975,-0.0047641875,
synth_static_202,80000000,0.8,4,391,disabled,TINYLFU,,524017.2999409394,,0.1151436,0,50000,0,synth_static_202-1b56b6a400cf90c6e7beb0cee235041c,,391,0.0,0.0042437874999999,
synth_static_202,80000000,0.8,4,391,marginal-hits,TINYLFU,,621073.3203478778,1327.0,0.0782397,1327,50000,0,synth_static_202-ba2d2fbf338416ea57a7921990b8408b,,391,0.0369039,0.0411476875,
synth_static_202,80000000,0.8,4,391,marginal-hits-tuned,TINYLFU,,612426.7205127092,110.0,0.0696138625,110,50000,0,synth_static_202-b3e36c85a89e91a283666742fc0b7318,,391,0.0455297375,0.049773525,0.0086258374999999
synth_static_204,80000000,0.01,4,5,marginal-hits-tuned,LRU,,583182.7129760002,,0.4434190375,0,50000,0,synth_static_204-d5235e4e26f1b6dd6af27246a75bb20e,,5,0.0,0.0,0.0
synth_static_204,80000000,0.01,4,5,tail-age,LRU,,588056.2440193833,,0.4434190375,0,50000,0,synth_static_204-fbda0874743daa8eced7d74abae5eb4e,0.25,5,0.0,0.0,
synth_static_204,80000000,0.01,4,5,disabled,LRU,,646439.7754008009,,0.4434190375,0,50000,0,synth_static_204-c17adc67d09dfd5aeda899f76b2cb428,,5,0.0,0.0,
synth_static_204,80000000,0.01,4,5,free-mem,LRU,,686798.7318579197,,0.4434190375,0,50000,0,synth_static_204-9139488409876c68f58bf7c9263b2a81,,5,0.0,0.0,
synth_static_204,80000000,0.01,4,5,marginal-hits,LRU,,602117.6834235651,,0.4434190375,0,50000,0,synth_static_204-cd58e8449b82e09f2e7566aec18e88bc,,5,0.0,0.0,
synth_static_204,80000000,0.01,4,5,hits,LRU,,755738.3173785243,,0.4434190375,0,50000,0,synth_static_204-0d5d3c0fad170e7a8ef1ecca6cece28c,0.1,5,0.0,0.0,
synth_static_204,80000000,0.01,4,5,free-mem,LRU2Q,,570758.0473532615,,0.4018940125,0,50000,0,synth_static_204-c485eb982ece2af2825127cef7a30f15,,5,0.0,0.0415250249999999,
synth_static_204,80000000,0.01,4,5,marginal-hits-tuned,LRU2Q,cold,574879.2503670626,,0.4018940125,0,50000,0,synth_static_204-429b1eaced113eac2bd3e43b38b641d4,,5,0.0,0.0415250249999999,0.0
synth_static_204,80000000,0.01,4,5,disabled,LRU2Q,,672527.5208494249,,0.4018940125,0,50000,0,synth_static_204-4a04cb09a7459b34e5f66b1790281e2f,,5,0.0,0.0415250249999999,
synth_static_204,80000000,0.01,4,5,marginal-hits,LRU2Q,cold,755012.8158449484,,0.4018940125,0,50000,0,synth_static_204-b85ac7402acb09fbe543af351095b3d7,,5,0.0,0.0415250249999999,
synth_static_204,80000000,0.01,4,5,hits,LRU2Q,,571895.6577748656,,0.4018940125,0,50000,0,synth_static_204-58c1363325360dba38773dd5231fdf0d,0.1,5,0.0,0.0415250249999999,
synth_static_204,80000000,0.01,4,5,tail-age,LRU2Q,,686949.4731005958,,0.4018940125,0,50000,0,synth_static_204-5e734a7a05aa277c4d0f45f32e265076,0.25,5,0.0,0.0415250249999999,
synth_static_204,80000000,0.01,4,5,marginal-hits-tuned,TINYLFU,,503552.2350563722,,0.4024782625,0,50000,0,synth_static_204-ce1dae313ea808156df212f654c12dd5,,5,0.0,0.0409407749999999,0.0
synth_static_204,80000000,0.01,4,5,hits,TINYLFU,,581198.4619490915,,0.4024782625,0,50000,0,synth_static_204-ad9e63933300b3e786fda31e594b3545,0.1,5,0.0,0.0409407749999999,
synth_static_204,80000000,0.01,4,5,marginal-hits,TINYLFU,,631654.0591395095,,0.4024782625,0,50000,0,synth_static_204-b87db9b5592d19fead5594c3a8c23f60,,5,0.0,0.0409407749999999,
synth_static_204,80000000,0.01,4,5,tail-age,TINYLFU,,608144.5634346358,,0.4024782625,0,50000,0,synth_static_204-6d056536d99869db3874c27d653706e4,0.25,5,0.0,0.0409407749999999,
synth_static_204,80000000,0.01,4,5,disabled,TINYLFU,,559603.3893088879,,0.4024782625,0,50000,0,synth_static_204-1e43d81083e64ea238d2f8c175820202,,5,0.0,0.0409407749999999,
synth_static_204,80000000,0.01,4,5,free-mem,TINYLFU,,560923.0946934766,,0.4024782625,0,50000,0,synth_static_204-b8782d786eaac1fbdb919337e2092bfb,,5,0.0,0.0409407749999999,
synth_static_204,80000000,0.02,4,10,marginal-hits,LRU,,621072.7340115778,1598.0,0.4026267875,1598,50000,0,synth_static_204-acdb4f93d231fb26a5dc4df0eea83b2e,,10,-0.011425925,-0.011425925,
synth_static_204,80000000,0.02,4,10,hits,LRU,,613543.1412958851,2.0,0.3825636375,2,50000,0,synth_static_204-70c5f5bb3add4fa9e07d7455842ff6b9,0.1,10,0.008637225,0.008637225,
synth_static_204,80000000,0.02,4,10,free-mem,LRU,,672028.1820759963,,0.3912008625,0,50000,0,synth_static_204-99fea3a2ebc37b201287016f48c74bdc,,10,0.0,0.0,
synth_static_204,80000000,0.02,4,10,tail-age,LRU,,538019.0130918071,,0.3912008625,0,50000,0,synth_static_204-afbfcd8c1a8629ae40da8ffb5419f6d8,0.25,10,0.0,0.0,
synth_static_204,80000000,0.02,4,10,marginal-hits-tuned,LRU,,533934.6092135247,7.0,0.3826108875,7,50000,0,synth_static_204-45bc3971130613e1196240f8a57febfb,,10,0.008589975,0.008589975,0.0200159
synth_static_204,80000000,0.02,4,10,disabled,LRU,,778766.6454515128,,0.3912008625,0,50000,0,synth_static_204-70e832d2299da354c94640dd133ca569,,10,0.0,0.0,
synth_static_204,80000000,0.02,4,10,marginal-hits-tuned,LRU2Q,cold,692207.9121059449,30.0,0.3645160875,30,50000,0,synth_static_204-e27576b114566f2f385a8e78e299b166,,10,-0.0091484624999999,0.026684775,0.0176065125
synth_static_204,80000000,0.02,4,10,free-mem,LRU2Q,,563488.0329829111,,0.355367625,0,50000,0,synth_static_204-402b6d05bcc0e0c8ccf6dfdd38815e89,,10,0.0,0.0358332375,
synth_static_204,80000000,0.02,4,10,disabled,LRU2Q,,658291.8328487455,,0.355367625,0,50000,0,synth_static_204-d2458b36f4d070b462af2a9e1f18e177,,10,0.0,0.0358332375,
synth_static_204,80000000,0.02,4,10,tail-age,LRU2Q,,537672.9269377871,1.0,0.362160875,1,50000,0,synth_static_204-e2a94db4368cad8db515feb1da9dddf6,0.25,10,-0.0067932499999999,0.0290399875,
synth_static_204,80000000,0.02,4,10,marginal-hits,LRU2Q,cold,592287.9861949524,1188.0,0.3821226,1188,50000,0,synth_static_204-0d295e29ab52cd03cf60ea0de87615e6,,10,-0.0267549749999999,0.0090782625,
synth_static_204,80000000,0.02,4,10,hits,LRU2Q,,571438.1892965721,2.0,0.3476175,2,50000,0,synth_static_204-3941450758975444cd6c7aa27fc121da,0.1,10,0.0077501249999999,0.0435833625,
synth_static_204,80000000,0.02,4,10,tail-age,TINYLFU,,537532.4890176307,617.0,0.353414825,617,50000,0,synth_static_204-5b468da79efb103b93ff28384bfa2373,0.25,10,0.0025136,0.0377860375,
synth_static_204,80000000,0.02,4,10,hits,TINYLFU,,571537.0153068381,2.0,0.3423651375,2,50000,0,synth_static_204-f0dd2c65828318a83fc26c86a241826c,0.1,10,0.0135632874999999,0.0488357249999999,
synth_static_204,80000000,0.02,4,10,marginal-hits,TINYLFU,,570715.8148670242,1598.0,0.370908825,1598,50000,0,synth_static_204-2798b3b239eb8569f34491a5bd0e2049,,10,-0.0149804,0.0202920375,
synth_static_204,80000000,0.02,4,10,marginal-hits-tuned,TINYLFU,,524980.2928113801,6.0,0.3423965125,6,50000,0,synth_static_204-5d1b6f92fabba86f220511a53053e9cf,,10,0.0135319124999999,0.0488043499999999,0.0285123124999999
synth_static_204,80000000,0.02,4,10,free-mem,TINYLFU,,558089.0622589795,,0.355928425,0,50000,0,synth_static_204-1fa94e1a6ed25f31289f1a4f5884a1fd,,10,0.0,0.0352724375,
synth_static_204,80000000,0.02,4,10,disabled,TINYLFU,,638752.0767566522,,0.355928425,0,50000,0,synth_static_204-670d18d84e30ea920579ef12127b3191,,10,0.0,0.0352724375,
synth_static_204,80000000,0.04,4,19,marginal-hits-tuned,LRU,,610594.0989293422,58.0,0.32561515,58,50000,0,synth_static_204-0938580f2fefe5672ec73759e2dda8c9,,19,0.0152738749999999,0.0152738749999999,0.0149101999999999
synth_static_204,80000000,0.04,4,19,free-mem,LRU,,613330.5927479704,,0.340889025,0,50000,0,synth_static_204-57afbe9322a11886b9f53cc135513f47,,19,0.0,0.0,
synth_static_204,80000000,0.04,4,19,hits,LRU,,590806.4725915359,5.0,0.3249981,5,50000,0,synth_static_204-5e0785490a14a3b20fce0918af13b3ac,0.1,19,0.015890925,0.015890925,
synth_static_204,80000000,0.04,4,19,disabled,LRU,,648646.3887891734,,0.340889025,0,50000,0,synth_static_204-5d228752f9d846b3746a2daf06f2d94c,,19,0.0,0.0,
synth_static_204,80000000,0.04,4,19,marginal-hits,LRU,,556590.4315777896,1597.0,0.34052535,1597,50000,0,synth_static_204-2184f2a2dee8afd6c388f1fd6a102ccf,,19,0.000363675,0.000363675,
synth_static_204,80000000,0.04,4,19,tail-age,LRU,,636790.5324351479,,0.340889025,0,50000,0,synth_static_204-0c50bfae208feb8d4d054293edb96a54,0.25,19,0.0,0.0,
synth_static_204,80000000,0.04,4,19,free-mem,LRU2Q,,768609.2083702785,,0.310807875,0,50000,0,synth_static_204-fd11d4cdfe1ec0b893551b4e30b28a15,,19,0.0,0.03008115,
synth_static_204,80000000,0.04,4,19,marginal-hits-tuned,LRU2Q,cold,593169.7536480553,39.0,0.3068903,39,50000,0,synth_static_204-ff59b1c7c197416b380fd9ff3517e8ad,,19,0.003917575,0.033998725,0.0262533624999999
synth_static_204,80000000,0.04,4,19,hits,LRU2Q,,663288.2420490588,5.0,0.296631675,5,50000,0,synth_static_204-eb70a458acd196b1b445deb0ed5bf106,0.1,19,0.0141762,0.04425735,
synth_static_204,80000000,0.04,4,19,tail-age,LRU2Q,,644402.278962423,4.0,0.3321591875,4,50000,0,synth_static_204-3948860acc1752e3aedc512d87151d46,0.25,19,-0.0213513124999999,0.0087298375,
synth_static_204,80000000,0.04,4,19,marginal-hits,LRU2Q,cold,569880.0525139043,1597.0,0.3331436625,1597,50000,0,synth_static_204-35b62c9d8470076ed04a057365fc90b9,,19,-0.0223357874999999,0.0077453625,
synth_static_204,80000000,0.04,4,19,disabled,LRU2Q,,697079.0450984552,,0.310807875,0,50000,0,synth_static_204-bb42d85a5aca98a431f511d9def87d1d,,19,0.0,0.03008115,
synth_static_204,80000000,0.04,4,19,disabled,TINYLFU,,601946.3655056081,,0.3151352875,0,50000,0,synth_static_204-0d5098197675d525ee4cf290b0ba9987,,19,0.0,0.0257537374999999,
synth_static_204,80000000,0.04,4,19,marginal-hits,TINYLFU,,620950.5977436817,1597.0,0.3172975375,1597,50000,0,synth_static_204-46ce13c811db460ada07875c31dfb551,,19,-0.0021622499999999,0.0235914875,
synth_static_204,80000000,0.04,4,19,tail-age,TINYLFU,,563301.6002898809,747.0,0.315559525,747,50000,0,synth_static_204-1096cbb561be6e5b0018c81452fb34a2,0.25,19,-0.0004242374999999,0.0253295,
synth_static_204,80000000,0.04,4,19,marginal-hits-tuned,TINYLFU,,541103.7523480476,26.0,0.2903365,26,50000,0,synth_static_204-0f5f8990aef1c5691ba7113fbabd697b,,19,0.0247987875,0.050552525,0.0269610375
synth_static_204,80000000,0.04,4,19,hits,TINYLFU,,668575.3381007229,5.0,0.2937588,5,50000,0,synth_static_204-a8593a16d10ba62c3f81a73c3964a45c,0.1,19,0.0213764875,0.047130225,
synth_static_204,80000000,0.04,4,19,free-mem,TINYLFU,,487623.1096157751,,0.3151352875,0,50000,0,synth_static_204-c76ca2625f55e4455e00ab3680d4a0d9,,19,0.0,0.0257537374999999,
synth_static_204,80000000,0.1,4,46,marginal-hits,LRU,,604717.4455067177,1591.0,0.256904725,1591,50000,0,synth_static_204-6ee77ab0a203fe30f0a5fd9550c97e59,,46,0.007854625,0.007854625,
synth_static_204,80000000,0.1,4,46,disabled,LRU,,745905.9919697731,,0.26475935,0,50000,0,synth_static_204-88363bf0615f6b240ff9388e1529b491,,46,0.0,0.0,
synth_static_204,80000000,0.1,4,46,hits,LRU,,585679.7988938008,18.0,0.2434932625,18,50000,0,synth_static_204-d6739fed2297b5979b001984c36b1439,0.1,46,0.0212660875,0.0212660875,
synth_static_204,80000000,0.1,4,46,free-mem,LRU,,786042.1002988132,,0.26475935,0,50000,0,synth_static_204-bcb20df17fc2ef1c5ce3af8ffced701c,,46,0.0,0.0,
synth_static_204,80000000,0.1,4,46,marginal-hits-tuned,LRU,,872302.0433871035,83.0,0.24372315,83,50000,0,synth_static_204-ac214388dd2c04820386f7e1ae6a9066,,46,0.0210362,0.0210362,0.013181575
synth_static_204,80000000,0.1,4,46,tail-age,LRU,,557311.8767998643,,0.26475935,0,50000,0,synth_static_204-eb949142e1d37f1af438fe6401e0afa6,0.25,46,0.0,0.0,
synth_static_204,80000000,0.1,4,46,free-mem,LRU2Q,,619795.1234768424,,0.2436299875,0,50000,0,synth_static_204-0b3443a1084ee6887a6e70eb8a1baad5,,46,0.0,0.0211293625,
synth_static_204,80000000,0.1,4,46,tail-age,LRU2Q,,698015.5477735653,1.0,0.25238765,1,50000,0,synth_static_204-92f281ff18aa2f94ca1fd7071615b2cd,0.25,46,-0.0087576625,0.0123716999999999,
synth_static_204,80000000,0.1,4,46,marginal-hits-tuned,LRU2Q,cold,557730.2509244429,58.0,0.224938575,58,50000,0,synth_static_204-6aefc4a2a6ba6b4a78fd4e16b208ae86,,46,0.0186914125,0.039820775,0.0222189375
synth_static_204,80000000,0.1,4,46,disabled,LRU2Q,,892150.3769474295,,0.2436299875,0,50000,0,synth_static_204-0bd333e27311dc78beb8cf2658a83762,,46,0.0,0.0211293625,
synth_static_204,80000000,0.1,4,46,hits,LRU2Q,,647019.8345728033,17.0,0.2248569125,17,50000,0,synth_static_204-51833942e8826b28b8eab58dbac0312b,0.1,46,0.018773075,0.0399024375,
synth_static_204,80000000,0.1,4,46,marginal-hits,LRU2Q,cold,712678.848631298,1591.0,0.2471575125,1591,50000,0,synth_static_204-bbd40324dd85162317e2a1a44e545d90,,46,-0.003527525,0.0176018374999999,
synth_static_204,80000000,0.1,4,46,free-mem,TINYLFU,,584343.9806600721,,0.245915975,0,50000,0,synth_static_204-8b3869fb93cbd96b2fdd35e45eeae64f,,46,0.0,0.0188433749999999,
synth_static_204,80000000,0.1,4,46,tail-age,TINYLFU,,567970.253276183,589.0,0.2507036875,589,50000,0,synth_static_204-2b284585bfe2abc620c8bf8246ef087d,0.25,46,-0.0047877124999999,0.0140556625,
synth_static_204,80000000,0.1,4,46,disabled,TINYLFU,,612590.2519927947,,0.245915975,0,50000,0,synth_static_204-c4cf88134cec1b057b733aa8c1eeb8f0,,46,0.0,0.0188433749999999,
synth_static_204,80000000,0.1,4,46,hits,TINYLFU,,587238.3949712609,17.0,0.2197527875,17,50000,0,synth_static_204-28f5337a5d10c8cc8346e2db93309152,0.1,46,0.0261631875,0.0450065625,
synth_static_204,80000000,0.1,4,46,marginal-hits,TINYLFU,,576733.8276955866,1591.0,0.244193725,1591,50000,0,synth_static_204-7712745d73f8c55b731deab3d1d25a55,,46,0.00172225,0.020565625,
synth_static_204,80000000,0.1,4,46,marginal-hits-tuned,TINYLFU,,532728.4049544084,342.0,0.2260864,342,50000,0,synth_static_204-b6e8f6d438aa822b7050fe54ef1ed66d,,46,0.019829575,0.03867295,0.018107325
synth_static_204,80000000,0.2,4,91,tail-age,LRU,,718148.9359892325,,0.19443205,0,50000,0,synth_static_204-48533f8988d7c0744e2ad5d115995400,0.25,91,0.0,0.0,
synth_static_204,80000000,0.2,4,91,marginal-hits,LRU,,658962.9695081541,1578.0,0.1915586875,1578,50000,0,synth_static_204-b9957c1c74b2862f906c43cff83c5723,,91,0.0028733625,0.0028733625,
synth_static_204,80000000,0.2,4,91,disabled,LRU,,602928.3553159299,,0.19443205,0,50000,0,synth_static_204-39a9d9a24d724f3dc2f069536c428415,,91,0.0,0.0,
synth_static_204,80000000,0.2,4,91,hits,LRU,,620941.0564858118,31.0,0.17783905,31,50000,0,synth_static_204-4ee537d4a57d7c509e36526d6ce9198b,0.1,91,0.0165929999999999,0.0165929999999999,
synth_static_204,80000000,0.2,4,91,marginal-hits-tuned,LRU,,614503.0919238178,191.0,0.1789619875,191,50000,0,synth_static_204-6aa2bca6e826b4dce5cebb1cd9408027,,91,0.0154700624999999,0.0154700624999999,0.0125966999999999
synth_static_204,80000000,0.2,4,91,free-mem,LRU,,684311.1357833518,,0.19443205,0,50000,0,synth_static_204-b8c95ed4eb6d1828a841f3642ee84907,,91,0.0,0.0,
synth_static_204,80000000,0.2,4,91,tail-age,LRU2Q,,624384.1100991387,2.0,0.1834057625,2,50000,0,synth_static_204-9566b42deb4376e342d7c2153a31ab05,0.25,91,-0.0019696125,0.0110262874999999,
synth_static_204,80000000,0.2,4,91,marginal-hits,LRU2Q,cold,732872.4520554923,1578.0,0.186486175,1578,50000,0,synth_static_204-31d0a9ba4496be5a29cd1737c628ec8d,,91,-0.005050025,0.0079458749999999,
synth_static_204,80000000,0.2,4,91,marginal-hits-tuned,LRU2Q,cold,751447.3464110771,305.0,0.1702983375,305,50000,0,synth_static_204-c25fd9430c5aa0c3a0b26876d070de5b,,91,0.0111378124999999,0.0241337124999999,0.0161878374999999
synth_static_204,80000000,0.2,4,91,hits,LRU2Q,,660833.8688612056,31.0,0.1673025875,31,50000,0,synth_static_204-ca1b81f6f2b3499769954b5ba377d5c5,0.1,91,0.0141335625,0.0271294625,
synth_static_204,80000000,0.2,4,91,disabled,LRU2Q,,722342.094686667,,0.18143615,0,50000,0,synth_static_204-6de69005d8e3adddb9acde28b497ecf6,,91,0.0,0.0129959,
synth_static_204,80000000,0.2,4,91,free-mem,LRU2Q,,498833.1822340812,,0.18143615,0,50000,0,synth_static_204-0e3325429d5a6656056b8109a809e542,,91,0.0,0.0129959,
synth_static_204,80000000,0.2,4,91,hits,TINYLFU,,603589.9429297369,31.0,0.162605875,31,50000,0,synth_static_204-7c1c2b845b0e9df5e9737a7e2c96b171,0.1,91,0.0214970749999999,0.0318261749999999,
synth_static_204,80000000,0.2,4,91,marginal-hits-tuned,TINYLFU,,587254.5173126954,165.0,0.1653946875,165,50000,0,synth_static_204-9947900c1a89a9cc56207bc5def20639,,91,0.0187082624999999,0.0290373624999999,0.0204674374999999
synth_static_204,80000000,0.2,4,91,tail-age,TINYLFU,,526419.7476697165,399.0,0.19022415,399,50000,0,synth_static_204-4006e78f24f4b987654ee7533f77b74d,0.25,91,-0.0061212,0.0042078999999999,
synth_static_204,80000000,0.2,4,91,marginal-hits,TINYLFU,,854501.0562315909,1578.0,0.185862125,1578,50000,0,synth_static_204-c225604a9ca2c9ea5c2ce844524ab5e6,,91,-0.001759175,0.008569925,
synth_static_204,80000000,0.2,4,91,free-mem,TINYLFU,,699357.4050025098,,0.18410295,0,50000,0,synth_static_204-e13e40c0c750ed64940df97361254210,,91,0.0,0.0103291,
synth_static_204,80000000,0.2,4,91,disabled,TINYLFU,,574162.4283066961,,0.18410295,0,50000,0,synth_static_204-63519cd8c0011468ac3419e1457d2843,,91,0.0,0.0103291,
synth_static_204,80000000,0.4,4,182,tail-age,LRU,,683267.8784035168,,0.120867125,0,50000,0,synth_static_204-50d4c3af8c8e7a6f6d2b8080a45fb765,0.25,182,0.0,0.0,
synth_static_204,80000000,0.4,4,182,hits,LRU,,553168.4635054952,49.0,0.1093107625,49,50000,0,synth_static_204-51c01d4980dea133d419d5a5e8ce8969,0.1,182,0.0115563625,0.0115563625,
synth_static_204,80000000,0.4,4,182,marginal-hits,LRU,,693442.5794390456,1530.0,0.1227588375,1530,50000,0,synth_static_204-f2ca844f1d037487fcb98b1120fb1c40,,182,-0.0018917124999999,-0.0018917124999999,
synth_static_204,80000000,0.4,4,182,disabled,LRU,,775405.5929436504,,0.120867125,0,50000,0,synth_static_204-1641355be53a21a25a5b387f414a210a,,182,0.0,0.0,
synth_static_204,80000000,0.4,4,182,free-mem,LRU,,559893.6941438328,,0.120867125,0,50000,0,synth_static_204-a2b65c1395b28eca393d31489d7175d4,,182,0.0,0.0,
synth_static_204,80000000,0.4,4,182,marginal-hits-tuned,LRU,,574454.8739322225,122.0,0.1099017125,122,50000,0,synth_static_204-68bfdbc2d71d43d5441e733a54fcb280,,182,0.0109654125,0.0109654125,0.0128571249999999
synth_static_204,80000000,0.4,4,182,free-mem,LRU2Q,,617828.4549099007,,0.1154752375,0,50000,0,synth_static_204-87c5045ba3cdf13e0a2c9f1244ade379,,182,0.0,0.0053918875,
synth_static_204,80000000,0.4,4,182,marginal-hits-tuned,LRU2Q,cold,678896.3022164241,185.0,0.107161175,185,50000,0,synth_static_204-1df37e707146b268b3b9ad8144107542,,182,0.0083140624999999,0.01370595,0.0140317375
synth_static_204,80000000,0.4,4,182,tail-age,LRU2Q,,566059.8556966101,27.0,0.1307319,27,50000,0,synth_static_204-f2cb2352f34516798eed7c933dba568b,0.25,182,-0.0152566625,-0.009864775,
synth_static_204,80000000,0.4,4,182,disabled,LRU2Q,,634040.471024403,,0.1154752375,0,50000,0,synth_static_204-804d65c7dd54b5ed4bcd079cdb94b762,,182,0.0,0.0053918875,
synth_static_204,80000000,0.4,4,182,marginal-hits,LRU2Q,cold,682901.6112774651,1530.0,0.1211929125,1530,50000,0,synth_static_204-5a644ac9acdf42ce3b9e93118c4ea1a7,,182,-0.005717675,-0.0003257874999999,
synth_static_204,80000000,0.4,4,182,hits,LRU2Q,,557835.1248100554,49.0,0.105959775,49,50000,0,synth_static_204-e9a6bec6f87ae93086c9204e75ebf4a8,0.1,182,0.0095154624999999,0.01490735,
synth_static_204,80000000,0.4,4,182,free-mem,TINYLFU,,560466.5164289613,,0.11773635,0,50000,0,synth_static_204-35584f3d9e8f47aac5451a68db10bb71,,182,0.0,0.003130775,
synth_static_204,80000000,0.4,4,182,marginal-hits,TINYLFU,,675583.1399061091,1530.0,0.12218995,1530,50000,0,synth_static_204-204d783ef7fce928f9f1cc0f2ab9bdd2,,182,-0.0044536,-0.0013228249999999,
synth_static_204,80000000,0.4,4,182,disabled,TINYLFU,,630336.8049340718,,0.11773635,0,50000,0,synth_static_204-86e2bb62c16d8290a11847aad573908d,,182,0.0,0.003130775,
synth_static_204,80000000,0.4,4,182,tail-age,TINYLFU,,515561.90350039816,214.0,0.1228231875,214,50000,0,synth_static_204-c010cff0b8f46964afec00f5d0e31684,0.25,182,-0.0050868374999999,-0.0019560624999999,
synth_static_204,80000000,0.4,4,182,marginal-hits-tuned,TINYLFU,,652900.0987707669,111.0,0.1044356625,111,50000,0,synth_static_204-0f648b8c94c653fc345d24d627b11c23,,182,0.0133006875,0.0164314625,0.0177542875
synth_static_204,80000000,0.4,4,182,hits,TINYLFU,,686946.1640741079,49.0,0.1049343625,49,50000,0,synth_static_204-352f53bf81fcf440ee7adc93adf4e323,0.1,182,0.0128019875,0.0159327625,
synth_static_204,80000000,0.8,4,364,disabled,LRU,,664522.851649123,,0.046663675,0,50000,0,synth_static_204-70ab8ac2dacb5ca3c00ccfd1ab201f83,,364,0.0,0.0,
synth_static_204,80000000,0.8,4,364,marginal-hits-tuned,LRU,,1047732.8942192048,98.0,0.0453854125,98,50000,0,synth_static_204-93abb15526d47c9028493a2b9ea14254,,364,0.0012782625,0.0012782625,0.0053576624999999
synth_static_204,80000000,0.8,4,364,hits,LRU,,619208.2279929388,46.0,0.044597825,46,50000,0,synth_static_204-7f6f6d1682db6f3fd86b79084b7f77da,0.1,364,0.00206585,0.00206585,
synth_static_204,80000000,0.8,4,364,tail-age,LRU,,657780.7434554927,,0.046663675,0,50000,0,synth_static_204-60b52fd478dfd5275e686e95b36c95f8,0.25,364,0.0,0.0,
synth_static_204,80000000,0.8,4,364,marginal-hits,LRU,,756511.0871990867,1093.0,0.050743075,1093,50000,0,synth_static_204-91e36e96e6bde22cd608418a5aaaa851,,364,-0.0040793999999999,-0.0040793999999999,
synth_static_204,80000000,0.8,4,364,free-mem,LRU,,538025.0828283447,,0.046663675,0,50000,0,synth_static_204-9481dd909925cc9bdef4998ca3e17a2c,,364,0.0,0.0,
synth_static_204,80000000,0.8,4,364,hits,LRU2Q,,625273.0498775329,46.0,0.044752575,46,50000,0,synth_static_204-dde7aa39a807d76a3cf45e5d2984de68,0.1,364,0.0015880124999999,0.0019110999999999,
synth_static_204,80000000,0.8,4,364,free-mem,LRU2Q,,489546.62105259177,,0.0463405875,0,50000,0,synth_static_204-8b5a839c92971df16c9d334353bf3281,,364,0.0,0.0003230874999999,
synth_static_204,80000000,0.8,4,364,marginal-hits,LRU2Q,cold,597056.991371002,1096.0,0.0505534375,1096,50000,0,synth_static_204-27425db107d5a4290b3f96897509abd3,,364,-0.0042128499999999,-0.0038897624999999,
synth_static_204,80000000,0.8,4,364,tail-age,LRU2Q,,475395.76987239055,28.0,0.0512832625,28,50000,0,synth_static_204-891f4de0f383bd233bf77090ee298e90,0.25,364,-0.004942675,-0.0046195875,
synth_static_204,80000000,0.8,4,364,marginal-hits-tuned,LRU2Q,cold,1163190.5783001094,97.0,0.0453157,97,50000,0,synth_static_204-8715915d9165fa1756504b6f8c934173,,364,0.0010248875,0.001347975,0.0052377374999999
synth_static_204,80000000,0.8,4,364,disabled,LRU2Q,,694676.8011047028,,0.0463405875,0,50000,0,synth_static_204-b70217fe265676a6ae7e0cdffa601a98,,364,0.0,0.0003230874999999,
synth_static_204,80000000,0.8,4,364,tail-age,TINYLFU,,702157.5635691027,47.0,0.0485098,47,50000,0,synth_static_204-9a664c07ebbe23eefc667d90ba413b16,0.25,364,-0.002151,-0.0018461249999999,
synth_static_204,80000000,0.8,4,364,free-mem,TINYLFU,,664743.8112189539,,0.0463588,0,50000,0,synth_static_204-ad48427ac065faa611b384391ba5b6ba,,364,0.0,0.000304875,
synth_static_204,80000000,0.8,4,364,disabled,TINYLFU,,810347.6860179864,,0.0463588,0,50000,0,synth_static_204-0606befae2334ebbef3e22e669938671,,364,0.0,0.000304875,
synth_static_204,80000000,0.8,4,364,marginal-hits,TINYLFU,,694654.617897428,1089.0,0.0505778875,1089,50000,0,synth_static_204-f1f11ec5923eceda05659c6e78f74131,,364,-0.0042190875,-0.0039142125,
synth_static_204,80000000,0.8,4,364,marginal-hits-tuned,TINYLFU,,573094.3820689559,107.0,0.0453707875,107,50000,0,synth_static_204-2fd65e0d27e1d88650967839f042122e,,364,0.0009880124999999,0.0012928874999999,0.0052070999999999
synth_static_204,80000000,0.8,4,364,hits,TINYLFU,,671296.8673692795,46.0,0.044623375,46,50000,0,synth_static_204-11ff0fb6c017c7517980ea963b18bc6a,0.1,364,0.0017354249999999,0.0020403,
